material_id,supplier_id,cost_per_unit,lead_time_days,moq,reliability_score,supplier_type
19020,29,3.65,8.0,1000.0,0.85,Import
18868,13,3.9,8.0,1000.0,0.85,Import
18517,10,1.09,14.0,2500.0,0.85,Import
18847,19,3.4,8.0,1500.0,0.85,Domestic
18343,28,1.05,6.0,5000.0,0.85,Import
19046,11,2.25,14.0,5000.0,0.85,Import
19009,37,7.55,14.0,10000.0,0.85,Import
19025,8,12.95,14.0,1000.0,0.85,Domestic
19033,10,1.95,14.0,2500.0,0.85,Import
18655,32,5.55,14.0,5000.0,0.85,Domestic
18789,10,2.25,14.0,2500.0,0.85,Import
18843,20,5.55,8.0,2000.0,0.85,Domestic
18514,24,0.98,14.0,1000.0,0.85,Import
18563,1,1.28,14.0,1000.0,0.85,Import
18886,12,3.56,14.0,10000.0,0.85,Import
18632,3,1.29,14.0,5000.0,0.85,Import
18633,3,1.29,14.0,5000.0,0.85,Import
18439,5,1.19,14.0,10000.0,0.85,Import
18188,1,1.2,14.0,1000.0,0.85,Import
18761,20,5.24,8.0,2000.0,0.85,Domestic
11798,25,3.45,14.0,1000.0,0.85,Import
18507,10,0.92,14.0,2500.0,0.85,Import
18467,28,1.2,6.0,5000.0,0.85,Import
18321,17,0.81,4.0,1000.0,0.85,Import
18391,28,1.06,6.0,5000.0,0.85,Import
12445,17,2.16,4.0,1000.0,0.85,Import
18232,28,1.0,6.0,5000.0,0.85,Import
11104,9,1.01,8.0,2500.0,0.85,Domestic
18101,24,0.79,14.0,1000.0,0.85,Import
18658,27,1.48,8.0,2500.0,0.85,Domestic
18867,29,3.15,8.0,1000.0,0.85,Import
18566,1,1.42,14.0,1000.0,0.85,Import
18360,24,0.72,14.0,1000.0,0.85,Import
18097,12,1.45,14.0,10000.0,0.85,Import
18297,33,2.8,14.0,1000.0,0.85,Import
12205,17,1.53,4.0,1000.0,0.85,Import
18413,10,0.92,14.0,2500.0,0.85,Import
18039,26,2.69,6.0,1000.0,0.85,Domestic
18110,17,3.71,4.0,1000.0,0.85,Import
18765,26,3.8,6.0,1000.0,0.85,Domestic
18077,17,1.56,4.0,1000.0,0.85,Import
18755,18,3.36,4.0,1000.0,0.85,Domestic
18315,28,1.05,6.0,5000.0,0.85,Import
12134,26,3.2,6.0,1000.0,0.85,Domestic
18604,29,3.31,8.0,1000.0,0.85,Import
19004,27,3.56,8.0,2500.0,0.85,Domestic
18332,33,2.76,14.0,1000.0,0.85,Import
18465,18,3.31,4.0,1000.0,0.85,Domestic
18109,17,2.77,4.0,1000.0,0.85,Import
18866,10,0.8,14.0,2500.0,0.85,Import
18660,36,2.15,8.0,1500.0,0.85,Domestic
18423,7,3.95,14.0,1000.0,0.85,Import
18314,28,1.2,6.0,5000.0,0.85,Import
12116,36,2.83,8.0,1500.0,0.85,Domestic
18713,20,5.58,8.0,2000.0,0.85,Domestic
18782,10,3.4,14.0,2500.0,0.85,Import
18609,18,5.11,4.0,1000.0,0.85,Domestic
11536,7,1.92,14.0,1000.0,0.85,Import
18318,33,3.04,14.0,1000.0,0.85,Import
18784,29,3.46,8.0,1000.0,0.85,Import
18644,28,1.26,6.0,5000.0,0.85,Import
18475,18,3.36,4.0,1000.0,0.85,Domestic
18830,18,9.49,4.0,1000.0,0.85,Domestic
6938,36,1.05,8.0,1500.0,0.85,Domestic
18852,33,5.39,14.0,1000.0,0.85,Import
18233,28,1.05,6.0,5000.0,0.85,Import
18153,18,2.9,4.0,1000.0,0.85,Domestic
18319,17,2.97,4.0,1000.0,0.85,Import
18856,20,4.15,8.0,2000.0,0.85,Domestic
18453,18,3.34,4.0,1000.0,0.85,Domestic
18629,29,3.65,8.0,1000.0,0.85,Import
18618,1,1.81,14.0,1000.0,0.85,Import
18853,27,1.57,8.0,2500.0,0.85,Domestic
18639,28,1.35,6.0,5000.0,0.85,Import
18145,17,2.68,4.0,1000.0,0.85,Import
18357,18,2.75,4.0,1000.0,0.85,Domestic
18457,9,1.21,8.0,2500.0,0.85,Domestic
18358,18,3.2,4.0,1000.0,0.85,Domestic
18725,18,3.36,4.0,1000.0,0.85,Domestic
19006,27,1.41,8.0,2500.0,0.85,Domestic
18142,26,3.2,6.0,1000.0,0.85,Domestic
18630,29,3.58,8.0,1000.0,0.85,Import
18356,18,2.75,4.0,1000.0,0.85,Domestic
11937,26,2.63,6.0,1000.0,0.85,Domestic
18616,1,2.23,14.0,1000.0,0.85,Import
18966,4,9.5,14.0,5000.0,0.85,Import
18373,10,1.26,14.0,2500.0,0.85,Import
12306,23,2.71,14.0,1000.0,0.85,Import
18849,20,4.97,8.0,2000.0,0.85,Domestic
12308,23,2.85,14.0,1000.0,0.85,Import
18466,6,4.54,10.0,10.0,0.85,Domestic
18442,18,3.39,4.0,1000.0,0.85,Domestic
18728,18,3.36,4.0,1000.0,0.85,Domestic
18164,18,3.36,4.0,1000.0,0.85,Domestic
18819,18,3.36,4.0,1000.0,0.85,Domestic
18229,18,3.3,4.0,1000.0,0.85,Domestic
18987,10,1.09,14.0,2500.0,0.85,Import
18047,26,3.74,6.0,1000.0,0.85,Domestic
18937,20,4.25,8.0,2000.0,0.85,Domestic
18753,18,3.36,4.0,1000.0,0.85,Domestic
18649,29,3.65,8.0,1000.0,0.85,Import
11461,30,2.7,14.0,1000.0,0.85,Import
18653,36,3.09,8.0,1500.0,0.85,Domestic
18139,18,2.8,4.0,1000.0,0.85,Domestic
18622,26,2.66,6.0,1000.0,0.85,Domestic
18960,18,6.91,4.0,1000.0,0.85,Domestic
11942,2,3.63,14.0,1000.0,0.85,Import
18748,27,2.69,8.0,2500.0,0.85,Domestic
18143,26,3.49,6.0,1000.0,0.85,Domestic
18726,27,1.44,8.0,2500.0,0.85,Domestic
18836,18,6.27,4.0,1000.0,0.85,Domestic
18293,18,3.36,4.0,1000.0,0.85,Domestic
18361,6,2.9,10.0,10.0,0.85,Domestic
18559,18,3.29,4.0,1000.0,0.85,Domestic
18724,26,5.46,6.0,1000.0,0.85,Domestic
12047,26,3.33,6.0,1000.0,0.85,Domestic
18328,33,3.47,14.0,1000.0,0.85,Import
18734,26,5.0,6.0,1000.0,0.85,Domestic
11570,26,3.6,6.0,1000.0,0.85,Domestic
18086,17,2.16,4.0,1000.0,0.85,Import
18430,33,5.11,14.0,1000.0,0.85,Import
18876,11,2.65,14.0,5000.0,0.85,Import
18835,18,6.34,4.0,1000.0,0.85,Domestic
18939,20,4.25,8.0,2000.0,0.85,Domestic
18307,18,3.36,4.0,1000.0,0.85,Domestic
18610,18,3.38,4.0,1000.0,0.85,Domestic
18794,10,1.65,14.0,2500.0,0.85,Import
12329,14,7.25,12.0,1000.0,0.85,Domestic
18396,36,5.45,8.0,1500.0,0.85,Domestic
18613,1,2.18,14.0,1000.0,0.85,Import
18556,18,2.8,4.0,1000.0,0.85,Domestic
18150,17,2.26,4.0,1000.0,0.85,Import
18513,18,2.8,4.0,1000.0,0.85,Domestic
18327,33,3.05,14.0,1000.0,0.85,Import
18570,18,2.8,4.0,1000.0,0.85,Domestic
18383,18,2.8,4.0,1000.0,0.85,Domestic
18888,12,2.56,14.0,10000.0,0.85,Import
19000,10,1.69,14.0,2500.0,0.85,Import
18372,10,1.12,14.0,2500.0,0.85,Import
18444,26,3.84,6.0,1000.0,0.85,Domestic
18312,28,1.35,6.0,5000.0,0.85,Import
18930,18,6.44,4.0,1000.0,0.85,Domestic
18710,27,1.62,8.0,2500.0,0.85,Domestic
18593,36,2.86,8.0,1500.0,0.85,Domestic
18766,26,3.4,6.0,1000.0,0.85,Domestic
11429,26,3.7,6.0,1000.0,0.85,Domestic
18605,29,3.53,8.0,1000.0,0.85,Import
18555,18,3.26,4.0,1000.0,0.85,Domestic
18878,10,1.47,14.0,2500.0,0.85,Import
18476,35,9.25,8.0,2500.0,0.85,Import
18923,20,3.82,8.0,2000.0,0.85,Domestic
18625,18,2.91,4.0,1000.0,0.85,Domestic
18477,35,8.0,8.0,2500.0,0.85,Import
11344,36,4.58,8.0,1500.0,0.85,Domestic
18893,10,2.2,14.0,2500.0,0.85,Import
18547,18,2.8,4.0,1000.0,0.85,Domestic
18854,27,1.82,8.0,2500.0,0.85,Domestic
19030,11,1.35,14.0,5000.0,0.85,Import
7716,27,2.31,8.0,2500.0,0.85,Domestic
18628,26,2.91,6.0,1000.0,0.85,Domestic
18679,36,2.67,8.0,1500.0,0.85,Domestic
18993,10,1.75,14.0,2500.0,0.85,Import
18895,21,1.52,10.0,10000.0,0.85,Import
18208,36,2.6,8.0,1500.0,0.85,Domestic
18228,24,1.25,14.0,1000.0,0.85,Import
18931,18,6.37,4.0,1000.0,0.85,Domestic
18363,28,1.68,6.0,5000.0,0.85,Import
18469,16,1.4,8.0,1000.0,0.85,Import
18891,12,2.56,14.0,10000.0,0.85,Import
18133,26,3.98,6.0,1000.0,0.85,Domestic
18623,26,2.92,6.0,1000.0,0.85,Domestic
18598,18,3.36,4.0,1000.0,0.85,Domestic
11967,26,3.7,6.0,1000.0,0.85,Domestic
18935,18,3.36,4.0,1000.0,0.85,Domestic
18845,9,1.2,8.0,2500.0,0.85,Domestic
18821,18,8.55,4.0,1000.0,0.85,Domestic
18887,12,1.91,14.0,10000.0,0.85,Import
18452,10,1.25,14.0,2500.0,0.85,Import
18184,26,3.69,6.0,1000.0,0.85,Domestic
18317,9,1.9,8.0,2500.0,0.85,Domestic
18359,28,1.2,6.0,5000.0,0.85,Import
18865,36,1.12,8.0,1500.0,0.85,Domestic
18990,27,1.75,8.0,2500.0,0.85,Domestic
10742,36,7.88,8.0,1500.0,0.85,Domestic
18961,26,2.45,6.0,1000.0,0.85,Domestic
18285,18,3.45,4.0,1000.0,0.85,Domestic
19021,27,2.4,8.0,2500.0,0.85,Domestic
18776,37,7.45,14.0,10000.0,0.85,Import
18826,11,2.8,14.0,5000.0,0.85,Import
18414,10,1.1,14.0,2500.0,0.85,Import
18651,37,8.1,14.0,10000.0,0.85,Import
18998,10,1.58,14.0,2500.0,0.85,Import
18800,18,8.55,4.0,1000.0,0.85,Domestic
12526,36,1.14,8.0,1500.0,0.85,Domestic
18973,37,7.4,14.0,10000.0,0.85,Import
18617,1,2.33,14.0,1000.0,0.85,Import
18927,10,1.5,14.0,2500.0,0.85,Import
18719,26,5.36,6.0,1000.0,0.85,Domestic
18899,27,3.78,8.0,2500.0,0.85,Domestic
18894,10,2.15,14.0,2500.0,0.85,Import
18733,18,3.36,4.0,1000.0,0.85,Domestic
18287,18,2.8,4.0,1000.0,0.85,Domestic
18892,10,2.15,14.0,2500.0,0.85,Import
19034,11,1.65,14.0,5000.0,0.85,Import
11927,36,1.14,8.0,1500.0,0.85,Domestic
18454,18,3.17,4.0,1000.0,0.85,Domestic
18376,10,1.42,14.0,2500.0,0.85,Import
18832,15,3.9,14.0,1500.0,0.85,Import
18615,1,2.13,14.0,1000.0,0.85,Import
18756,37,7.29,14.0,10000.0,0.85,Import
18910,27,3.63,8.0,2500.0,0.85,Domestic
19040,11,2.4,14.0,5000.0,0.85,Import
18912,18,3.36,4.0,1000.0,0.85,Domestic
18954,26,2.95,6.0,1000.0,0.85,Domestic
18306,18,2.8,4.0,1000.0,0.85,Domestic
18712,18,3.36,4.0,1000.0,0.85,Domestic
18787,18,3.36,4.0,1000.0,0.85,Domestic
18988,26,3.55,6.0,1000.0,0.85,Domestic
18890,12,2.56,14.0,10000.0,0.85,Import
18614,1,2.24,14.0,1000.0,0.85,Import
18763,22,1.13,14.0,10000.0,0.85,Import
18785,37,8.12,14.0,10000.0,0.85,Import
18594,37,5.21,14.0,10000.0,0.85,Import
18290,36,5.1,8.0,1500.0,0.85,Domestic
18706,31,5.15,14.0,5000.0,0.85,Domestic
18913,37,8.72,14.0,10000.0,0.85,Import
18667,18,3.36,4.0,1000.0,0.85,Domestic
18673,10,1.82,14.0,2500.0,0.85,Import
18674,10,1.84,14.0,2500.0,0.85,Import
18690,20,4.15,8.0,2000.0,0.85,Domestic
18900,27,3.58,8.0,2500.0,0.85,Domestic
18737,22,2.36,14.0,10000.0,0.85,Import
18261,33,2.2,14.0,1000.0,0.85,Import
18620,36,2.41,8.0,1500.0,0.85,Domestic
18773,37,7.44,14.0,10000.0,0.85,Import
18553,33,6.56,14.0,1000.0,0.85,Import
18872,27,2.06,8.0,2500.0,0.85,Domestic
18489,34,12.99,14.0,1000.0,0.85,Domestic
18569,10,1.68,14.0,2500.0,0.85,Import
18576,27,2.71,8.0,2500.0,0.85,Domestic
14148,18,3.2,4.0,1000.0,0.85,Domestic
18438,5,1.15,14.0,10000.0,0.85,Import
18426,10,2.53,14.0,2500.0,0.85,Import
11999,36,3.91,8.0,1500.0,0.85,Domestic
18334,5,4.08,14.0,10000.0,0.85,Import
18564,38,40.51,8.0,100.0,0.94,
18564,39,31.24,20.0,1000.0,0.93,
18564,40,9.13,25.0,1000.0,0.91,
18884,41,35.39,13.0,1000.0,0.98,
18884,42,48.5,15.0,500.0,0.91,
18659,44,26.97,9.0,100.0,0.91,
18659,45,40.78,23.0,100.0,0.94,
18659,46,42.79,7.0,100.0,0.89,
18019,47,30.11,8.0,500.0,0.87,
18019,48,42.38,9.0,1000.0,0.96,
18707,50,6.57,13.0,100.0,0.85,
18707,51,7.98,9.0,200.0,0.97,
18707,52,16.66,20.0,1000.0,0.88,
18941,53,26.06,11.0,200.0,0.93,
18941,54,49.51,8.0,1000.0,0.9,
18941,55,44.82,26.0,200.0,0.92,
13561,56,12.21,22.0,100.0,0.89,
13561,57,13.8,14.0,1000.0,0.86,
13561,58,49.89,29.0,100.0,0.89,
11409,59,47.6,19.0,500.0,0.87,
18703,62,26.76,8.0,500.0,0.88,
18703,63,42.63,25.0,1000.0,0.85,
18703,64,9.49,10.0,1000.0,0.91,
18829,65,32.89,30.0,500.0,0.86,
18929,68,31.53,17.0,500.0,0.89,
18929,69,39.29,26.0,100.0,0.86,
18975,71,15.0,8.0,100.0,0.93,
18975,72,21.15,26.0,500.0,0.93,
18387,74,21.41,28.0,200.0,0.86,
18387,75,22.81,25.0,1000.0,0.88,
19043,77,27.75,11.0,500.0,0.91,
19043,78,22.3,22.0,1000.0,0.89,
18813,80,44.12,27.0,100.0,0.91,
18813,81,40.12,11.0,100.0,0.95,
18669,83,41.26,8.0,100.0,0.92,
18669,84,9.68,7.0,100.0,0.89,
12243,86,45.4,13.0,100.0,0.91,
12243,87,35.2,14.0,200.0,0.97,
18811,89,41.54,26.0,500.0,0.87,
18811,90,42.51,10.0,200.0,0.91,
18811,91,14.09,7.0,1000.0,0.93,
10795,92,21.4,27.0,1000.0,0.88,
10795,93,45.7,21.0,500.0,0.98,
10795,94,27.76,17.0,1000.0,0.87,
18344,95,35.27,26.0,200.0,0.94,
18344,96,17.98,11.0,500.0,0.97,
18344,97,17.46,11.0,1000.0,0.96,
10027,98,21.5,18.0,1000.0,0.91,
10027,99,45.83,28.0,500.0,0.88,
10027,100,48.7,22.0,1000.0,0.86,
18419,101,9.18,27.0,500.0,0.9,
18419,102,23.66,20.0,200.0,0.96,
18419,103,37.03,26.0,1000.0,0.88,
18873,104,33.27,13.0,200.0,0.91,
18873,105,11.14,18.0,200.0,0.92,
18850,107,43.45,21.0,500.0,0.96,
18850,108,6.38,30.0,1000.0,0.95,
9296,110,13.8,18.0,1000.0,0.97,
9296,111,31.21,7.0,100.0,0.9,
12066,113,20.68,15.0,200.0,0.95,
12066,114,48.41,13.0,1000.0,0.92,
18415,116,41.26,22.0,1000.0,0.89,
18804,119,13.91,21.0,500.0,0.97,
18708,122,45.97,15.0,200.0,0.92,
18708,123,33.04,10.0,200.0,0.91,
19060,125,6.27,9.0,500.0,0.86,
19060,126,46.88,25.0,500.0,0.92,
18870,128,28.34,11.0,200.0,0.86,
18870,129,27.78,7.0,200.0,0.92,
18870,130,19.35,11.0,100.0,0.91,
18983,131,34.54,27.0,100.0,0.92,
18983,132,16.29,10.0,1000.0,0.89,
18983,133,26.46,29.0,100.0,0.97,
13560,134,25.09,25.0,100.0,0.92,
13560,135,46.92,21.0,200.0,0.9,
13560,136,8.07,18.0,500.0,0.87,
19045,137,14.61,23.0,500.0,0.98,
19045,138,32.66,10.0,1000.0,0.97,
18575,140,9.61,10.0,100.0,0.9,
18575,141,23.68,10.0,100.0,0.86,
18575,142,7.81,16.0,1000.0,0.96,
18896,143,34.38,25.0,200.0,0.97,
18974,146,33.19,29.0,1000.0,0.9,
18974,147,43.08,22.0,200.0,0.85,
18974,148,32.02,12.0,200.0,0.89,
10153,149,46.17,12.0,100.0,0.85,
13794,152,34.44,11.0,200.0,0.93,
13794,153,46.95,17.0,100.0,0.91,
13794,154,8.68,26.0,1000.0,0.98,
14223,155,18.97,12.0,500.0,0.92,
14223,156,24.88,7.0,1000.0,0.93,
14223,157,35.94,7.0,100.0,0.87,
18696,158,45.59,13.0,1000.0,0.86,
18767,161,28.66,24.0,100.0,0.87,
18645,164,13.25,8.0,1000.0,0.87,
18024,167,36.66,25.0,500.0,0.99,
18869,170,22.73,18.0,200.0,0.91,
18320,173,9.1,22.0,500.0,0.85,
18573,176,38.49,26.0,200.0,0.92,
18573,177,17.66,12.0,500.0,0.89,
18573,178,11.74,11.0,100.0,0.9,
19049,179,48.13,22.0,500.0,0.85,
18991,182,29.5,29.0,200.0,0.93,
18991,183,24.54,23.0,1000.0,0.95,
18991,184,7.81,26.0,1000.0,0.95,
14061,185,19.09,13.0,1000.0,0.91,
18864,188,47.9,13.0,1000.0,0.92,
12150,191,44.17,27.0,100.0,0.97,
12150,192,41.3,26.0,1000.0,0.95,
18758,194,6.82,11.0,200.0,0.88,
18851,197,19.52,29.0,500.0,0.9,
18795,200,28.73,19.0,1000.0,0.87,
19050,203,10.16,21.0,200.0,0.92,
11697,206,24.78,13.0,500.0,0.99,
11697,207,28.42,19.0,1000.0,0.88,
11697,208,45.67,24.0,100.0,0.86,
18599,209,37.62,20.0,200.0,0.88,
18599,210,17.05,7.0,500.0,0.93,
18526,212,43.41,17.0,500.0,0.96,
18526,213,7.32,30.0,500.0,0.93,
18526,214,37.34,20.0,1000.0,0.97,
14895,215,16.34,19.0,100.0,0.9,
14895,216,43.62,28.0,500.0,0.88,
19019,218,8.49,23.0,100.0,0.85,
19019,219,35.08,21.0,200.0,0.95,
19019,220,44.94,15.0,1000.0,0.88,
11759,221,24.18,15.0,200.0,0.95,
11759,222,28.19,29.0,500.0,0.94,
11759,223,9.85,21.0,200.0,0.94,
18341,224,38.43,24.0,100.0,0.98,
13545,227,33.85,15.0,100.0,0.97,
13545,228,49.67,30.0,500.0,0.91,
18861,230,30.89,26.0,200.0,0.89,
19054,233,36.45,13.0,500.0,0.98,
10995,236,16.32,21.0,100.0,0.93,
18982,239,37.45,27.0,1000.0,0.88,
19031,242,26.65,23.0,500.0,0.89,
18771,245,23.8,13.0,500.0,0.9,
18771,246,24.57,15.0,200.0,0.87,
18771,247,16.21,18.0,100.0,0.97,
18770,248,16.05,12.0,100.0,0.85,
18770,249,16.5,16.0,1000.0,0.88,
18770,250,11.8,10.0,100.0,0.86,
18732,251,11.62,7.0,200.0,0.85,
18646,254,31.05,26.0,500.0,0.89,
18646,255,21.45,16.0,200.0,0.94,
18646,256,46.82,20.0,1000.0,0.98,
18863,257,10.65,13.0,1000.0,0.92,
18863,258,39.0,15.0,500.0,0.91,
14242,260,34.58,25.0,1000.0,0.89,
14242,261,38.16,25.0,200.0,0.88,
11896,263,16.81,22.0,500.0,0.93,
18928,266,46.96,13.0,1000.0,0.91,
18928,267,20.43,28.0,200.0,0.93,
18774,269,42.45,30.0,1000.0,0.97,
18774,270,20.71,8.0,200.0,0.88,
19057,272,37.8,18.0,100.0,0.94,
19057,273,38.33,30.0,100.0,0.94,
18903,275,36.24,20.0,500.0,0.85,
18903,276,14.25,16.0,1000.0,0.87,
18903,277,17.0,10.0,200.0,0.94,
9863,278,39.34,16.0,200.0,0.94,
9863,279,36.31,24.0,200.0,0.93,
9863,280,30.25,11.0,200.0,0.91,
