Yarn_ID,Inventory,Total_Demand,Total_Receipt,Balance,Past_Due_Receipts,,Demand This Week,Receipts This Week,Balance This Week,,Demand Week 27,Receipts Week 27,Balance Week 27,,Demand Week 28,Receipts Week 28,Balance Week 28,,Demand Week 29,Receipts Week 29,Balance Week 29,,Demand Week 30,Receipts Week 30,Balance Week 30,,Demand Week 31,Receipts Week 31,Balance Week 31,,Demand Week 32,Receipts Week 32,Balance Week 32,,Demand Week 33,Receipts Week 33,Balance Week 33,,Demand Week 34,Receipts Week 34,Balance Week 34,,Demand Later,Receipts Later,Balance Later
19050,-634.1,538.7,0.0,"-1,172.8",0.0,,538.7,0.0,"-1,172.8",,0.0,0.0,"-1,172.8",,0.0,0.0,"-1,172.8",,0.0,0.0,"-1,172.8",,0.0,0.0,"-1,172.8",,0.0,0.0,"-1,172.8",,0.0,0.0,"-1,172.8",,0.0,0.0,"-1,172.8",,0.0,0.0,"-1,172.8",,0.0,0.0,"-1,172.8"
18870,-670.6,"13,896.0",0.0,"-14,566.6",0.0,,88.2,0.0,-758.8,,323.3,0.0,"-1,082.1",,323.3,0.0,"-1,405.4",,323.3,0.0,"-1,728.7",,323.3,0.0,"-2,052.1",,323.3,0.0,"-2,375.4",,323.3,0.0,"-2,698.7",,323.3,0.0,"-3,022.0",,323.3,0.0,"-3,345.3",,"11,221.3",0.0,"-14,566.6"
11896,"1,617.9","15,389.9","13,432.5",-339.5,"3,832.5",,"2,245.6",0.0,-627.7,,"5,593.1",0.0,"-6,220.7",,"2,812.0",600.0,"-8,432.7",,"3,800.5",0.0,"-12,233.3",,938.7,0.0,"-13,172.0",,0.0,"3,000.0","-10,172.0",,0.0,"3,000.0","-7,172.0",,0.0,"3,000.0","-4,172.0",,0.0,0.0,"-4,172.0",,0.0,0.0,"-4,172.0"
18929,-395.7,596.4,"1,600.0",607.9,"1,600.0",,182.7,0.0,-578.4,,195.8,0.0,-774.2,,122.4,0.0,-896.6,,62.6,0.0,-959.2,,24.6,0.0,-983.8,,8.3,0.0,-992.1,,0.0,0.0,-992.1,,0.0,0.0,-992.1,,0.0,0.0,-992.1,,0.0,0.0,-992.1
18703,441.8,"2,435.9","18,879.9","16,885.8","18,879.9",,870.5,0.0,-428.7,,"1,565.4",0.0,"-1,994.1",,0.0,0.0,"-1,994.1",,0.0,0.0,"-1,994.1",,0.0,0.0,"-1,994.1",,0.0,0.0,"-1,994.1",,0.0,0.0,"-1,994.1",,0.0,0.0,"-1,994.1",,0.0,0.0,"-1,994.1",,0.0,0.0,"-1,994.1"
18863,-28.7,674.7,0.0,-703.4,0.0,,285.5,0.0,-314.2,,389.2,0.0,-703.4,,0.0,0.0,-703.4,,0.0,0.0,-703.4,,0.0,0.0,-703.4,,0.0,0.0,-703.4,,0.0,0.0,-703.4,,0.0,0.0,-703.4,,0.0,0.0,-703.4,,0.0,0.0,-703.4
7716,87.4,243.3,0.0,-155.9,0.0,,243.3,0.0,-155.9,,0.0,0.0,-155.9,,0.0,0.0,-155.9,,0.0,0.0,-155.9,,0.0,0.0,-155.9,,0.0,0.0,-155.9,,0.0,0.0,-155.9,,0.0,0.0,-155.9,,0.0,0.0,-155.9,,0.0,0.0,-155.9
19072,398.3,548.2,0.0,-149.9,0.0,,548.2,0.0,-149.9,,0.0,0.0,-149.9,,0.0,0.0,-149.9,,0.0,0.0,-149.9,,0.0,0.0,-149.9,,0.0,0.0,-149.9,,0.0,0.0,-149.9,,0.0,0.0,-149.9,,0.0,0.0,-149.9,,0.0,0.0,-149.9
18850,577.1,"1,055.2",0.0,-478.1,0.0,,666.0,0.0,-88.9,,389.2,0.0,-478.1,,0.0,0.0,-478.1,,0.0,0.0,-478.1,,0.0,0.0,-478.1,,0.0,0.0,-478.1,,0.0,0.0,-478.1,,0.0,0.0,-478.1,,0.0,0.0,-478.1,,0.0,0.0,-478.1
18851,558.3,656.1,0.0,-97.8,0.0,,599.8,0.0,-41.6,,56.3,0.0,-97.8,,0.0,0.0,-97.8,,0.0,0.0,-97.8,,0.0,0.0,-97.8,,0.0,0.0,-97.8,,0.0,0.0,-97.8,,0.0,0.0,-97.8,,0.0,0.0,-97.8,,0.0,0.0,-97.8
19043,13.2,16.6,0.0,-3.4,0.0,,16.6,0.0,-3.4,,0.0,0.0,-3.4,,0.0,0.0,-3.4,,0.0,0.0,-3.4,,0.0,0.0,-3.4,,0.0,0.0,-3.4,,0.0,0.0,-3.4,,0.0,0.0,-3.4,,0.0,0.0,-3.4,,0.0,0.0,-3.4
19076,0.0,"4,800.0","5,000.0",200.0,0.0,,0.0,0.0,0.0,,0.0,0.0,0.0,,0.0,"5,000.0","5,000.0",,0.0,0.0,"5,000.0",,0.0,0.0,"5,000.0",,"1,647.7",0.0,"3,352.3",,"2,589.2",0.0,763.2,,563.2,0.0,200.0,,0.0,0.0,200.0,,0.0,0.0,200.0
18859,0.0,0.0,"3,200.0","3,200.0","3,200.0",,0.0,0.0,0.0,,0.0,0.0,0.0,,0.0,0.0,0.0,,0.0,0.0,0.0,,0.0,0.0,0.0,,0.0,0.0,0.0,,0.0,0.0,0.0,,0.0,0.0,0.0,,0.0,0.0,0.0,,0.0,0.0,0.0
19070,0.0,0.0,"2,000.0","2,000.0",0.0,,0.0,0.0,0.0,,0.0,0.0,0.0,,0.0,0.0,0.0,,0.0,0.0,0.0,,0.0,0.0,0.0,,0.0,"2,000.0","2,000.0",,0.0,0.0,"2,000.0",,0.0,0.0,"2,000.0",,0.0,0.0,"2,000.0",,0.0,0.0,"2,000.0"
19055,0.0,0.0,10.0,10.0,10.0,,0.0,0.0,0.0,,0.0,0.0,0.0,,0.0,0.0,0.0,,0.0,0.0,0.0,,0.0,0.0,0.0,,0.0,0.0,0.0,,0.0,0.0,0.0,,0.0,0.0,0.0,,0.0,0.0,0.0,,0.0,0.0,0.0
19069,0.0,0.0,"2,000.0","2,000.0",0.0,,0.0,0.0,0.0,,0.0,0.0,0.0,,0.0,0.0,0.0,,0.0,0.0,0.0,,0.0,0.0,0.0,,0.0,"2,000.0","2,000.0",,0.0,0.0,"2,000.0",,0.0,0.0,"2,000.0",,0.0,0.0,"2,000.0",,0.0,0.0,"2,000.0"
19054,0.0,"3,435.8","10,000.0","6,564.2",0.0,,0.0,0.0,0.0,,0.0,0.0,0.0,,0.0,"2,500.0","2,500.0",,0.0,"2,500.0","5,000.0",,"1,477.6","2,500.0","6,022.4",,"1,477.6","2,500.0","7,044.7",,480.5,0.0,"6,564.2",,0.0,0.0,"6,564.2",,0.0,0.0,"6,564.2",,0.0,0.0,"6,564.2"
19009,0.0,0.0,"8,000.0","8,000.0","8,000.0",,0.0,0.0,0.0,,0.0,0.0,0.0,,0.0,0.0,0.0,,0.0,0.0,0.0,,0.0,0.0,0.0,,0.0,0.0,0.0,,0.0,0.0,0.0,,0.0,0.0,0.0,,0.0,0.0,0.0,,0.0,0.0,0.0
19025,0.0,0.0,"7,000.0","7,000.0","7,000.0",,0.0,0.0,0.0,,0.0,0.0,0.0,,0.0,0.0,0.0,,0.0,0.0,0.0,,0.0,0.0,0.0,,0.0,0.0,0.0,,0.0,0.0,0.0,,0.0,0.0,0.0,,0.0,0.0,0.0,,0.0,0.0,0.0
19073,0.0,0.0,486.0,486.0,486.0,,0.0,0.0,0.0,,0.0,0.0,0.0,,0.0,0.0,0.0,,0.0,0.0,0.0,,0.0,0.0,0.0,,0.0,0.0,0.0,,0.0,0.0,0.0,,0.0,0.0,0.0,,0.0,0.0,0.0,,0.0,0.0,0.0
19078,0.0,0.0,595.0,595.0,595.0,,0.0,0.0,0.0,,0.0,0.0,0.0,,0.0,0.0,0.0,,0.0,0.0,0.0,,0.0,0.0,0.0,,0.0,0.0,0.0,,0.0,0.0,0.0,,0.0,0.0,0.0,,0.0,0.0,0.0,,0.0,0.0,0.0
19067,0.0,0.0,"42,000.0","42,000.0",0.0,,0.0,0.0,0.0,,0.0,0.0,0.0,,0.0,0.0,0.0,,0.0,0.0,0.0,,0.0,"42,000.0","42,000.0",,0.0,0.0,"42,000.0",,0.0,0.0,"42,000.0",,0.0,0.0,"42,000.0",,0.0,0.0,"42,000.0",,0.0,0.0,"42,000.0"
14895,3.6,1.4,0.0,2.2,0.0,,1.4,0.0,2.2,,0.0,0.0,2.2,,0.0,0.0,2.2,,0.0,0.0,2.2,,0.0,0.0,2.2,,0.0,0.0,2.2,,0.0,0.0,2.2,,0.0,0.0,2.2,,0.0,0.0,2.2,,0.0,0.0,2.2
12066,13.0,1.0,0.0,12.0,0.0,,1.0,0.0,12.0,,0.0,0.0,12.0,,0.0,0.0,12.0,,0.0,0.0,12.0,,0.0,0.0,12.0,,0.0,0.0,12.0,,0.0,0.0,12.0,,0.0,0.0,12.0,,0.0,0.0,12.0,,0.0,0.0,12.0
18465,156.3,202.5,0.0,-46.2,0.0,,144.0,0.0,12.3,,58.5,0.0,-46.2,,0.0,0.0,-46.2,,0.0,0.0,-46.2,,0.0,0.0,-46.2,,0.0,0.0,-46.2,,0.0,0.0,-46.2,,0.0,0.0,-46.2,,0.0,0.0,-46.2,,0.0,0.0,-46.2
11712,17.5,2.0,0.0,15.5,0.0,,2.0,0.0,15.5,,0.0,0.0,15.5,,0.0,0.0,15.5,,0.0,0.0,15.5,,0.0,0.0,15.5,,0.0,0.0,15.5,,0.0,0.0,15.5,,0.0,0.0,15.5,,0.0,0.0,15.5,,0.0,0.0,15.5
18864,58.6,29.1,0.0,29.5,0.0,,29.1,0.0,29.5,,0.0,0.0,29.5,,0.0,0.0,29.5,,0.0,0.0,29.5,,0.0,0.0,29.5,,0.0,0.0,29.5,,0.0,0.0,29.5,,0.0,0.0,29.5,,0.0,0.0,29.5,,0.0,0.0,29.5
18654,31.0,0.0,"1,000.0","1,031.0",0.0,,0.0,0.0,31.0,,0.0,0.0,31.0,,0.0,0.0,31.0,,0.0,"1,000.0","1,031.0",,0.0,0.0,"1,031.0",,0.0,0.0,"1,031.0",,0.0,0.0,"1,031.0",,0.0,0.0,"1,031.0",,0.0,0.0,"1,031.0",,0.0,0.0,"1,031.0"
18958,38.6,0.0,200.0,238.6,200.0,,0.0,0.0,38.6,,0.0,0.0,38.6,,0.0,0.0,38.6,,0.0,0.0,38.6,,0.0,0.0,38.6,,0.0,0.0,38.6,,0.0,0.0,38.6,,0.0,0.0,38.6,,0.0,0.0,38.6,,0.0,0.0,38.6
14223,44.1,1.3,0.0,42.8,0.0,,1.3,0.0,42.8,,0.0,0.0,42.8,,0.0,0.0,42.8,,0.0,0.0,42.8,,0.0,0.0,42.8,,0.0,0.0,42.8,,0.0,0.0,42.8,,0.0,0.0,42.8,,0.0,0.0,42.8,,0.0,0.0,42.8
11697,68.9,20.0,0.0,48.9,0.0,,20.0,0.0,48.9,,0.0,0.0,48.9,,0.0,0.0,48.9,,0.0,0.0,48.9,,0.0,0.0,48.9,,0.0,0.0,48.9,,0.0,0.0,48.9,,0.0,0.0,48.9,,0.0,0.0,48.9,,0.0,0.0,48.9
14734,118.2,105.6,0.0,12.6,0.0,,68.1,0.0,50.1,,37.5,0.0,12.6,,0.0,0.0,12.6,,0.0,0.0,12.6,,0.0,0.0,12.6,,0.0,0.0,12.6,,0.0,0.0,12.6,,0.0,0.0,12.6,,0.0,0.0,12.6,,0.0,0.0,12.6
19033,64.0,0.0,"3,000.0","3,064.0","3,000.0",,0.0,0.0,64.0,,0.0,0.0,64.0,,0.0,0.0,64.0,,0.0,0.0,64.0,,0.0,0.0,64.0,,0.0,0.0,64.0,,0.0,0.0,64.0,,0.0,0.0,64.0,,0.0,0.0,64.0,,0.0,0.0,64.0
13560,160.0,57.2,0.0,102.8,0.0,,57.2,0.0,102.8,,0.0,0.0,102.8,,0.0,0.0,102.8,,0.0,0.0,102.8,,0.0,0.0,102.8,,0.0,0.0,102.8,,0.0,0.0,102.8,,0.0,0.0,102.8,,0.0,0.0,102.8,,0.0,0.0,102.8
18959,145.6,0.0,200.0,345.6,200.0,,0.0,0.0,145.6,,0.0,0.0,145.6,,0.0,0.0,145.6,,0.0,0.0,145.6,,0.0,0.0,145.6,,0.0,0.0,145.6,,0.0,0.0,145.6,,0.0,0.0,145.6,,0.0,0.0,145.6,,0.0,0.0,145.6
18285,190.9,547.0,0.0,-356.1,0.0,,35.3,0.0,155.6,,129.6,0.0,26.0,,129.6,0.0,-103.6,,129.6,0.0,-233.2,,122.9,0.0,-356.1,,0.0,0.0,-356.1,,0.0,0.0,-356.1,,0.0,0.0,-356.1,,0.0,0.0,-356.1,,0.0,0.0,-356.1
11409,166.5,1.5,0.0,165.0,0.0,,1.5,0.0,165.0,,0.0,0.0,165.0,,0.0,0.0,165.0,,0.0,0.0,165.0,,0.0,0.0,165.0,,0.0,0.0,165.0,,0.0,0.0,165.0,,0.0,0.0,165.0,,0.0,0.0,165.0,,0.0,0.0,165.0
19071,0.0,0.0,168.0,168.0,0.0,,0.0,168.0,168.0,,0.0,0.0,168.0,,0.0,0.0,168.0,,0.0,0.0,168.0,,0.0,0.0,168.0,,0.0,0.0,168.0,,0.0,0.0,168.0,,0.0,0.0,168.0,,0.0,0.0,168.0,,0.0,0.0,168.0
12078,204.1,6.6,0.0,197.5,0.0,,6.6,0.0,197.5,,0.0,0.0,197.5,,0.0,0.0,197.5,,0.0,0.0,197.5,,0.0,0.0,197.5,,0.0,0.0,197.5,,0.0,0.0,197.5,,0.0,0.0,197.5,,0.0,0.0,197.5,,0.0,0.0,197.5
10995,"1,073.6","1,404.8",600.0,268.9,0.0,,843.6,0.0,230.1,,561.2,0.0,-331.1,,0.0,600.0,268.9,,0.0,0.0,268.9,,0.0,0.0,268.9,,0.0,0.0,268.9,,0.0,0.0,268.9,,0.0,0.0,268.9,,0.0,0.0,268.9,,0.0,0.0,268.9
18955,235.7,0.0,200.0,435.7,200.0,,0.0,0.0,235.7,,0.0,0.0,235.7,,0.0,0.0,235.7,,0.0,0.0,235.7,,0.0,0.0,235.7,,0.0,0.0,235.7,,0.0,0.0,235.7,,0.0,0.0,235.7,,0.0,0.0,235.7,,0.0,0.0,235.7
19063,720.1,747.2,0.0,-27.1,0.0,,482.0,0.0,238.1,,265.2,0.0,-27.1,,0.0,0.0,-27.1,,0.0,0.0,-27.1,,0.0,0.0,-27.1,,0.0,0.0,-27.1,,0.0,0.0,-27.1,,0.0,0.0,-27.1,,0.0,0.0,-27.1,,0.0,0.0,-27.1
19031,239.7,0.2,0.0,239.5,0.0,,0.2,0.0,239.5,,0.0,0.0,239.5,,0.0,0.0,239.5,,0.0,0.0,239.5,,0.0,0.0,239.5,,0.0,0.0,239.5,,0.0,0.0,239.5,,0.0,0.0,239.5,,0.0,0.0,239.5,,0.0,0.0,239.5
19064,722.1,747.2,0.0,-25.1,0.0,,482.0,0.0,240.1,,265.2,0.0,-25.1,,0.0,0.0,-25.1,,0.0,0.0,-25.1,,0.0,0.0,-25.1,,0.0,0.0,-25.1,,0.0,0.0,-25.1,,0.0,0.0,-25.1,,0.0,0.0,-25.1,,0.0,0.0,-25.1
18956,252.0,0.0,200.0,452.0,200.0,,0.0,0.0,252.0,,0.0,0.0,252.0,,0.0,0.0,252.0,,0.0,0.0,252.0,,0.0,0.0,252.0,,0.0,0.0,252.0,,0.0,0.0,252.0,,0.0,0.0,252.0,,0.0,0.0,252.0,,0.0,0.0,252.0
18629,252.9,224.0,0.0,28.9,0.0,,0.0,0.0,252.9,,224.0,0.0,28.9,,0.0,0.0,28.9,,0.0,0.0,28.9,,0.0,0.0,28.9,,0.0,0.0,28.9,,0.0,0.0,28.9,,0.0,0.0,28.9,,0.0,0.0,28.9,,0.0,0.0,28.9
18565,275.4,171.0,131.0,235.4,131.0,,0.0,0.0,275.4,,0.0,0.0,275.4,,0.0,0.0,275.4,,171.0,0.0,104.4,,0.0,0.0,104.4,,0.0,0.0,104.4,,0.0,0.0,104.4,,0.0,0.0,104.4,,0.0,0.0,104.4,,0.0,0.0,104.4
18413,276.1,0.0,"42,000.0","42,276.1","37,800.0",,0.0,0.0,276.1,,0.0,0.0,276.1,,0.0,"4,200.0","4,476.1",,0.0,0.0,"4,476.1",,0.0,0.0,"4,476.1",,0.0,0.0,"4,476.1",,0.0,0.0,"4,476.1",,0.0,0.0,"4,476.1",,0.0,0.0,"4,476.1",,0.0,0.0,"4,476.1"
18373,284.1,0.0,134.0,418.1,134.0,,0.0,0.0,284.1,,0.0,0.0,284.1,,0.0,0.0,284.1,,0.0,0.0,284.1,,0.0,0.0,284.1,,0.0,0.0,284.1,,0.0,0.0,284.1,,0.0,0.0,284.1,,0.0,0.0,284.1,,0.0,0.0,284.1
19058,290.9,0.0,454.0,744.9,454.0,,0.0,0.0,290.9,,0.0,0.0,290.9,,0.0,0.0,290.9,,0.0,0.0,290.9,,0.0,0.0,290.9,,0.0,0.0,290.9,,0.0,0.0,290.9,,0.0,0.0,290.9,,0.0,0.0,290.9,,0.0,0.0,290.9
11427,329.1,103.2,0.0,225.9,0.0,,0.0,0.0,329.1,,0.0,0.0,329.1,,0.0,0.0,329.1,,103.2,0.0,225.9,,0.0,0.0,225.9,,0.0,0.0,225.9,,0.0,0.0,225.9,,0.0,0.0,225.9,,0.0,0.0,225.9,,0.0,0.0,225.9
13794,342.9,0.0,0.0,342.9,0.0,,0.0,0.0,342.9,,0.0,0.0,342.9,,0.0,0.0,342.9,,0.0,0.0,342.9,,0.0,0.0,342.9,,0.0,0.0,342.9,,0.0,0.0,342.9,,0.0,0.0,342.9,,0.0,0.0,342.9,,0.0,0.0,342.9
14415,551.9,201.6,0.0,350.3,0.0,,193.9,0.0,358.0,,7.7,0.0,350.3,,0.0,0.0,350.3,,0.0,0.0,350.3,,0.0,0.0,350.3,,0.0,0.0,350.3,,0.0,0.0,350.3,,0.0,0.0,350.3,,0.0,0.0,350.3,,0.0,0.0,350.3
18868,673.6,"1,425.6",0.0,-752.0,0.0,,302.1,0.0,371.5,,"1,107.6",0.0,-736.2,,15.8,0.0,-752.0,,0.0,0.0,-752.0,,0.0,0.0,-752.0,,0.0,0.0,-752.0,,0.0,0.0,-752.0,,0.0,0.0,-752.0,,0.0,0.0,-752.0,,0.0,0.0,-752.0
18229,389.1,5.7,0.0,383.4,0.0,,5.7,0.0,383.4,,0.0,0.0,383.4,,0.0,0.0,383.4,,0.0,0.0,383.4,,0.0,0.0,383.4,,0.0,0.0,383.4,,0.0,0.0,383.4,,0.0,0.0,383.4,,0.0,0.0,383.4,,0.0,0.0,383.4
18888,974.4,878.5,0.0,95.8,0.0,,572.2,0.0,402.2,,306.4,0.0,95.8,,0.0,0.0,95.8,,0.0,0.0,95.8,,0.0,0.0,95.8,,0.0,0.0,95.8,,0.0,0.0,95.8,,0.0,0.0,95.8,,0.0,0.0,95.8,,0.0,0.0,95.8
11967,443.4,0.0,885.0,"1,328.4",885.0,,0.0,0.0,443.4,,0.0,0.0,443.4,,0.0,0.0,443.4,,0.0,0.0,443.4,,0.0,0.0,443.4,,0.0,0.0,443.4,,0.0,0.0,443.4,,0.0,0.0,443.4,,0.0,0.0,443.4,,0.0,0.0,443.4
18804,448.0,0.8,0.0,447.2,0.0,,0.8,0.0,447.2,,0.0,0.0,447.2,,0.0,0.0,447.2,,0.0,0.0,447.2,,0.0,0.0,447.2,,0.0,0.0,447.2,,0.0,0.0,447.2,,0.0,0.0,447.2,,0.0,0.0,447.2,,0.0,0.0,447.2
18599,456.3,0.0,0.0,456.3,0.0,,0.0,0.0,456.3,,0.0,0.0,456.3,,0.0,0.0,456.3,,0.0,0.0,456.3,,0.0,0.0,456.3,,0.0,0.0,456.3,,0.0,0.0,456.3,,0.0,0.0,456.3,,0.0,0.0,456.3,,0.0,0.0,456.3
18517,543.3,64.9,0.0,478.5,0.0,,64.9,0.0,478.5,,0.0,0.0,478.5,,0.0,0.0,478.5,,0.0,0.0,478.5,,0.0,0.0,478.5,,0.0,0.0,478.5,,0.0,0.0,478.5,,0.0,0.0,478.5,,0.0,0.0,478.5,,0.0,0.0,478.5
11505,496.4,325.8,0.0,170.6,0.0,,0.0,0.0,496.4,,0.0,0.0,496.4,,0.0,0.0,496.4,,325.8,0.0,170.6,,0.0,0.0,170.6,,0.0,0.0,170.6,,0.0,0.0,170.6,,0.0,0.0,170.6,,0.0,0.0,170.6,,0.0,0.0,170.6
12047,894.6,415.3,"3,000.0","3,479.3",0.0,,396.9,0.0,497.8,,18.5,0.0,479.3,,0.0,0.0,479.3,,0.0,"3,000.0","3,479.3",,0.0,0.0,"3,479.3",,0.0,0.0,"3,479.3",,0.0,0.0,"3,479.3",,0.0,0.0,"3,479.3",,0.0,0.0,"3,479.3",,0.0,0.0,"3,479.3"
18708,526.1,"4,814.3","4,864.3",576.1,0.3,,0.0,0.0,526.1,,0.0,0.0,526.1,,0.0,0.0,526.1,,0.0,0.0,526.1,,0.0,0.0,526.1,,763.8,"2,432.0","2,194.3",,763.8,"2,432.0","3,862.5",,763.8,0.0,"3,098.6",,763.8,0.0,"2,334.8",,"1,759.0",0.0,575.8
18774,812.7,"2,179.6","3,000.0","1,633.1",0.0,,278.9,0.0,533.8,,"1,021.6",0.0,-487.9,,879.0,0.0,"-1,366.9",,0.0,0.0,"-1,366.9",,0.0,"3,000.0","1,633.1",,0.0,0.0,"1,633.1",,0.0,0.0,"1,633.1",,0.0,0.0,"1,633.1",,0.0,0.0,"1,633.1",,0.0,0.0,"1,633.1"
18975,555.7,0.6,0.0,555.1,0.0,,0.6,0.0,555.1,,0.0,0.0,555.1,,0.0,0.0,555.1,,0.0,0.0,555.1,,0.0,0.0,555.1,,0.0,0.0,555.1,,0.0,0.0,555.1,,0.0,0.0,555.1,,0.0,0.0,555.1,,0.0,0.0,555.1
18813,723.0,1.6,0.0,721.4,0.0,,1.6,0.0,721.4,,0.0,0.0,721.4,,0.0,0.0,721.4,,0.0,0.0,721.4,,0.0,0.0,721.4,,0.0,0.0,721.4,,0.0,0.0,721.4,,0.0,0.0,721.4,,0.0,0.0,721.4,,0.0,0.0,721.4
18893,723.1,407.5,"12,000.0","12,315.6","12,000.0",,0.0,0.0,723.1,,407.5,0.0,315.6,,0.0,0.0,315.6,,0.0,0.0,315.6,,0.0,0.0,315.6,,0.0,0.0,315.6,,0.0,0.0,315.6,,0.0,0.0,315.6,,0.0,0.0,315.6,,0.0,0.0,315.6
18892,"1,125.9","2,100.7",0.0,-974.8,0.0,,399.1,0.0,726.7,,537.5,0.0,189.2,,349.0,0.0,-159.8,,322.7,0.0,-482.5,,322.7,0.0,-805.2,,169.6,0.0,-974.8,,0.0,0.0,-974.8,,0.0,0.0,-974.8,,0.0,0.0,-974.8,,0.0,0.0,-974.8
18622,759.0,0.0,0.0,759.0,0.0,,0.0,0.0,759.0,,0.0,0.0,759.0,,0.0,0.0,759.0,,0.0,0.0,759.0,,0.0,0.0,759.0,,0.0,0.0,759.0,,0.0,0.0,759.0,,0.0,0.0,759.0,,0.0,0.0,759.0,,0.0,0.0,759.0
18559,767.3,3.6,0.0,763.7,0.0,,0.0,0.0,767.3,,3.6,0.0,763.7,,0.0,0.0,763.7,,0.0,0.0,763.7,,0.0,0.0,763.7,,0.0,0.0,763.7,,0.0,0.0,763.7,,0.0,0.0,763.7,,0.0,0.0,763.7,,0.0,0.0,763.7
18811,786.0,1.6,0.0,784.4,0.0,,1.6,0.0,784.4,,0.0,0.0,784.4,,0.0,0.0,784.4,,0.0,0.0,784.4,,0.0,0.0,784.4,,0.0,0.0,784.4,,0.0,0.0,784.4,,0.0,0.0,784.4,,0.0,0.0,784.4,,0.0,0.0,784.4
18638,788.2,0.3,408.0,"1,195.9",408.0,,0.3,0.0,787.9,,0.0,0.0,787.9,,0.0,0.0,787.9,,0.0,0.0,787.9,,0.0,0.0,787.9,,0.0,0.0,787.9,,0.0,0.0,787.9,,0.0,0.0,787.9,,0.0,0.0,787.9,,0.0,0.0,787.9
18419,810.4,0.0,0.0,810.4,0.0,,0.0,0.0,810.4,,0.0,0.0,810.4,,0.0,0.0,810.4,,0.0,0.0,810.4,,0.0,0.0,810.4,,0.0,0.0,810.4,,0.0,0.0,810.4,,0.0,0.0,810.4,,0.0,0.0,810.4,,0.0,0.0,810.4
18732,859.0,0.3,0.0,858.7,0.0,,0.3,0.0,858.7,,0.0,0.0,858.7,,0.0,0.0,858.7,,0.0,0.0,858.7,,0.0,0.0,858.7,,0.0,0.0,858.7,,0.0,0.0,858.7,,0.0,0.0,858.7,,0.0,0.0,858.7,,0.0,0.0,858.7
18307,"1,083.3",274.7,0.0,808.6,0.0,,220.8,0.0,862.5,,53.9,0.0,808.6,,0.0,0.0,808.6,,0.0,0.0,808.6,,0.0,0.0,808.6,,0.0,0.0,808.6,,0.0,0.0,808.6,,0.0,0.0,808.6,,0.0,0.0,808.6,,0.0,0.0,808.6
18899,"1,061.3",488.5,0.0,572.8,0.0,,175.8,0.0,885.5,,281.4,0.0,604.2,,31.4,0.0,572.8,,0.0,0.0,572.8,,0.0,0.0,572.8,,0.0,0.0,572.8,,0.0,0.0,572.8,,0.0,0.0,572.8,,0.0,0.0,572.8,,0.0,0.0,572.8
18990,"1,289.2",819.2,0.0,470.0,0.0,,326.4,0.0,962.9,,492.9,0.0,470.0,,0.0,0.0,470.0,,0.0,0.0,470.0,,0.0,0.0,470.0,,0.0,0.0,470.0,,0.0,0.0,470.0,,0.0,0.0,470.0,,0.0,0.0,470.0,,0.0,0.0,470.0
18785,983.6,0.0,"10,340.0","11,323.6","10,340.0",,0.0,0.0,983.6,,0.0,0.0,983.6,,0.0,0.0,983.6,,0.0,0.0,983.6,,0.0,0.0,983.6,,0.0,0.0,983.6,,0.0,0.0,983.6,,0.0,0.0,983.6,,0.0,0.0,983.6,,0.0,0.0,983.6
18387,"1,259.2",273.2,0.0,986.0,0.0,,273.2,0.0,986.0,,0.0,0.0,986.0,,0.0,0.0,986.0,,0.0,0.0,986.0,,0.0,0.0,986.0,,0.0,0.0,986.0,,0.0,0.0,986.0,,0.0,0.0,986.0,,0.0,0.0,986.0,,0.0,0.0,986.0
11759,"1,074.3","1,071.4",0.0,2.9,0.0,,76.5,0.0,997.8,,252.0,0.0,745.8,,252.0,0.0,493.9,,252.0,0.0,241.9,,239.0,0.0,2.9,,0.0,0.0,2.9,,0.0,0.0,2.9,,0.0,0.0,2.9,,0.0,0.0,2.9,,0.0,0.0,2.9
18795,"1,003.0",0.0,0.0,"1,003.0",0.0,,0.0,0.0,"1,003.0",,0.0,0.0,"1,003.0",,0.0,0.0,"1,003.0",,0.0,0.0,"1,003.0",,0.0,0.0,"1,003.0",,0.0,0.0,"1,003.0",,0.0,0.0,"1,003.0",,0.0,0.0,"1,003.0",,0.0,0.0,"1,003.0",,0.0,0.0,"1,003.0"
13545,"1,083.1",40.3,46.2,"1,089.1",46.2,,20.9,0.0,"1,062.2",,19.3,0.0,"1,042.9",,0.0,0.0,"1,042.9",,0.0,0.0,"1,042.9",,0.0,0.0,"1,042.9",,0.0,0.0,"1,042.9",,0.0,0.0,"1,042.9",,0.0,0.0,"1,042.9",,0.0,0.0,"1,042.9",,0.0,0.0,"1,042.9"
18961,"1,459.7",776.0,0.0,683.7,0.0,,364.1,0.0,"1,095.7",,370.6,0.0,725.1,,41.4,0.0,683.7,,0.0,0.0,683.7,,0.0,0.0,683.7,,0.0,0.0,683.7,,0.0,0.0,683.7,,0.0,0.0,683.7,,0.0,0.0,683.7,,0.0,0.0,683.7
18293,"1,440.8",699.7,0.0,741.1,0.0,,290.9,0.0,"1,149.9",,405.6,0.0,744.4,,3.3,0.0,741.1,,0.0,0.0,741.1,,0.0,0.0,741.1,,0.0,0.0,741.1,,0.0,0.0,741.1,,0.0,0.0,741.1,,0.0,0.0,741.1,,0.0,0.0,741.1
18883,"1,169.0",5.8,0.0,"1,163.2",0.0,,5.8,0.0,"1,163.2",,0.0,0.0,"1,163.2",,0.0,0.0,"1,163.2",,0.0,0.0,"1,163.2",,0.0,0.0,"1,163.2",,0.0,0.0,"1,163.2",,0.0,0.0,"1,163.2",,0.0,0.0,"1,163.2",,0.0,0.0,"1,163.2",,0.0,0.0,"1,163.2"
18442,799.9,398.8,110.0,511.1,-376.0,,105.6,486.0,"1,180.2",,293.1,0.0,887.1,,0.0,0.0,887.1,,0.0,0.0,887.1,,0.0,0.0,887.1,,0.0,0.0,887.1,,0.0,0.0,887.1,,0.0,0.0,887.1,,0.0,0.0,887.1,,0.0,0.0,887.1
18773,"1,736.8","1,328.0",0.0,408.8,0.0,,522.3,0.0,"1,214.5",,805.7,0.0,408.8,,0.0,0.0,408.8,,0.0,0.0,408.8,,0.0,0.0,408.8,,0.0,0.0,408.8,,0.0,0.0,408.8,,0.0,0.0,408.8,,0.0,0.0,408.8,,0.0,0.0,408.8
18706,"1,533.4","1,997.5",986.3,522.2,986.3,,287.1,0.0,"1,246.3",,"1,052.7",0.0,193.6,,657.7,0.0,-464.1,,0.0,0.0,-464.1,,0.0,0.0,-464.1,,0.0,0.0,-464.1,,0.0,0.0,-464.1,,0.0,0.0,-464.1,,0.0,0.0,-464.1,,0.0,0.0,-464.1
18974,"1,289.1",24.5,0.0,"1,264.7",0.0,,24.5,0.0,"1,264.7",,0.0,0.0,"1,264.7",,0.0,0.0,"1,264.7",,0.0,0.0,"1,264.7",,0.0,0.0,"1,264.7",,0.0,0.0,"1,264.7",,0.0,0.0,"1,264.7",,0.0,0.0,"1,264.7",,0.0,0.0,"1,264.7",,0.0,0.0,"1,264.7"
18358,"1,403.0",80.0,0.0,"1,323.0",0.0,,80.0,0.0,"1,323.0",,0.0,0.0,"1,323.0",,0.0,0.0,"1,323.0",,0.0,0.0,"1,323.0",,0.0,0.0,"1,323.0",,0.0,0.0,"1,323.0",,0.0,0.0,"1,323.0",,0.0,0.0,"1,323.0",,0.0,0.0,"1,323.0",,0.0,0.0,"1,323.0"
18452,"1,347.0",25.5,0.0,"1,321.5",0.0,,18.1,0.0,"1,328.9",,7.4,0.0,"1,321.5",,0.0,0.0,"1,321.5",,0.0,0.0,"1,321.5",,0.0,0.0,"1,321.5",,0.0,0.0,"1,321.5",,0.0,0.0,"1,321.5",,0.0,0.0,"1,321.5",,0.0,0.0,"1,321.5",,0.0,0.0,"1,321.5"
18184,"1,357.0",0.0,"1,019.0","2,376.0","1,019.0",,0.0,0.0,"1,357.0",,0.0,0.0,"1,357.0",,0.0,0.0,"1,357.0",,0.0,0.0,"1,357.0",,0.0,0.0,"1,357.0",,0.0,0.0,"1,357.0",,0.0,0.0,"1,357.0",,0.0,0.0,"1,357.0",,0.0,0.0,"1,357.0",,0.0,0.0,"1,357.0"
18344,"1,411.3",48.5,0.0,"1,362.8",0.0,,48.5,0.0,"1,362.8",,0.0,0.0,"1,362.8",,0.0,0.0,"1,362.8",,0.0,0.0,"1,362.8",,0.0,0.0,"1,362.8",,0.0,0.0,"1,362.8",,0.0,0.0,"1,362.8",,0.0,0.0,"1,362.8",,0.0,0.0,"1,362.8",,0.0,0.0,"1,362.8"
12243,"1,370.7",3.8,0.0,"1,366.9",0.0,,3.8,0.0,"1,366.9",,0.0,0.0,"1,366.9",,0.0,0.0,"1,366.9",,0.0,0.0,"1,366.9",,0.0,0.0,"1,366.9",,0.0,0.0,"1,366.9",,0.0,0.0,"1,366.9",,0.0,0.0,"1,366.9",,0.0,0.0,"1,366.9",,0.0,0.0,"1,366.9"
18788,"1,401.2","3,480.0",0.0,"-2,078.8",0.0,,0.0,0.0,"1,401.2",,0.0,0.0,"1,401.2",,0.0,0.0,"1,401.2",,0.0,0.0,"1,401.2",,0.0,0.0,"1,401.2",,"1,025.2",0.0,376.0,,"1,025.2",0.0,-649.2,,"1,025.2",0.0,"-1,674.5",,404.4,0.0,"-2,078.8",,0.0,0.0,"-2,078.8"
18794,"1,607.9",68.2,0.0,"1,539.7",0.0,,68.2,0.0,"1,539.7",,0.0,0.0,"1,539.7",,0.0,0.0,"1,539.7",,0.0,0.0,"1,539.7",,0.0,0.0,"1,539.7",,0.0,0.0,"1,539.7",,0.0,0.0,"1,539.7",,0.0,0.0,"1,539.7",,0.0,0.0,"1,539.7",,0.0,0.0,"1,539.7"
18928,"1,629.7",238.8,0.0,"1,390.9",0.0,,73.4,0.0,"1,556.3",,165.4,0.0,"1,390.9",,0.0,0.0,"1,390.9",,0.0,0.0,"1,390.9",,0.0,0.0,"1,390.9",,0.0,0.0,"1,390.9",,0.0,0.0,"1,390.9",,0.0,0.0,"1,390.9",,0.0,0.0,"1,390.9",,0.0,0.0,"1,390.9"
18282,"1,635.0",67.2,0.0,"1,567.8",0.0,,67.2,0.0,"1,567.8",,0.0,0.0,"1,567.8",,0.0,0.0,"1,567.8",,0.0,0.0,"1,567.8",,0.0,0.0,"1,567.8",,0.0,0.0,"1,567.8",,0.0,0.0,"1,567.8",,0.0,0.0,"1,567.8",,0.0,0.0,"1,567.8",,0.0,0.0,"1,567.8"
9296,"1,631.4",0.0,0.0,"1,631.4",0.0,,0.0,0.0,"1,631.4",,0.0,0.0,"1,631.4",,0.0,0.0,"1,631.4",,0.0,0.0,"1,631.4",,0.0,0.0,"1,631.4",,0.0,0.0,"1,631.4",,0.0,0.0,"1,631.4",,0.0,0.0,"1,631.4",,0.0,0.0,"1,631.4",,0.0,0.0,"1,631.4"
18733,"1,782.5",167.0,16.0,"1,631.5",16.0,,148.0,0.0,"1,634.5",,19.0,0.0,"1,615.5",,0.0,0.0,"1,615.5",,0.0,0.0,"1,615.5",,0.0,0.0,"1,615.5",,0.0,0.0,"1,615.5",,0.0,0.0,"1,615.5",,0.0,0.0,"1,615.5",,0.0,0.0,"1,615.5",,0.0,0.0,"1,615.5"
18935,"1,845.9",202.5,0.0,"1,643.4",0.0,,144.0,0.0,"1,701.9",,58.5,0.0,"1,643.4",,0.0,0.0,"1,643.4",,0.0,0.0,"1,643.4",,0.0,0.0,"1,643.4",,0.0,0.0,"1,643.4",,0.0,0.0,"1,643.4",,0.0,0.0,"1,643.4",,0.0,0.0,"1,643.4",,0.0,0.0,"1,643.4"
9863,"1,970.8","17,207.6","32,574.2","17,337.4","-1,693.0",,"2,506.3","2,267.2","1,731.7",,"6,782.1",0.0,"-5,050.5",,"3,505.1","6,500.0","-2,055.6",,"3,252.7","6,500.0","1,191.7",,"1,161.3","3,000.0","3,030.4",,0.0,0.0,"3,030.4",,0.0,0.0,"3,030.4",,0.0,"4,000.0","7,030.4",,0.0,"4,000.0","11,030.4",,0.0,"8,000.0","19,030.4"
18320,"1,784.2","2,123.5",0.0,-339.3,0.0,,0.0,0.0,"1,784.2",,0.0,0.0,"1,784.2",,0.0,0.0,"1,784.2",,0.0,0.0,"1,784.2",,0.0,0.0,"1,784.2",,336.9,0.0,"1,447.3",,336.9,0.0,"1,110.4",,336.9,0.0,773.5,,336.9,0.0,436.6,,775.9,0.0,-339.3
19062,"1,797.4",0.0,0.0,"1,797.4",0.0,,0.0,0.0,"1,797.4",,0.0,0.0,"1,797.4",,0.0,0.0,"1,797.4",,0.0,0.0,"1,797.4",,0.0,0.0,"1,797.4",,0.0,0.0,"1,797.4",,0.0,0.0,"1,797.4",,0.0,0.0,"1,797.4",,0.0,0.0,"1,797.4",,0.0,0.0,"1,797.4"
18991,"1,804.3",0.8,"2,268.0","4,071.5","2,268.0",,0.8,0.0,"1,803.5",,0.0,0.0,"1,803.5",,0.0,0.0,"1,803.5",,0.0,0.0,"1,803.5",,0.0,0.0,"1,803.5",,0.0,0.0,"1,803.5",,0.0,0.0,"1,803.5",,0.0,0.0,"1,803.5",,0.0,0.0,"1,803.5",,0.0,0.0,"1,803.5"
18645,"1,898.0","4,764.2","14,000.0","11,133.8",0.0,,0.0,0.0,"1,898.0",,0.0,0.0,"1,898.0",,0.0,0.0,"1,898.0",,0.0,"3,500.0","5,398.0",,"2,048.9","3,500.0","6,849.1",,"2,048.9","3,500.0","8,300.1",,666.3,"3,500.0","11,133.8",,0.0,0.0,"11,133.8",,0.0,0.0,"11,133.8",,0.0,0.0,"11,133.8"
13561,"1,931.7",195.6,0.0,"1,736.1",0.0,,0.4,0.0,"1,931.3",,181.8,0.0,"1,749.5",,13.4,0.0,"1,736.1",,0.0,0.0,"1,736.1",,0.0,0.0,"1,736.1",,0.0,0.0,"1,736.1",,0.0,0.0,"1,736.1",,0.0,0.0,"1,736.1",,0.0,0.0,"1,736.1",,0.0,0.0,"1,736.1"
18771,"3,358.4","1,398.4",0.0,"1,960.0",0.0,,"1,344.8",0.0,"2,013.7",,53.6,0.0,"1,960.0",,0.0,0.0,"1,960.0",,0.0,0.0,"1,960.0",,0.0,0.0,"1,960.0",,0.0,0.0,"1,960.0",,0.0,0.0,"1,960.0",,0.0,0.0,"1,960.0",,0.0,0.0,"1,960.0",,0.0,0.0,"1,960.0"
10153,"2,534.0","2,658.0",0.0,-124.0,0.0,,470.7,0.0,"2,063.2",,908.7,0.0,"1,154.6",,"1,278.6",0.0,-124.0,,0.0,0.0,-124.0,,0.0,0.0,-124.0,,0.0,0.0,-124.0,,0.0,0.0,-124.0,,0.0,0.0,-124.0,,0.0,0.0,-124.0,,0.0,0.0,-124.0
10027,"3,333.9","19,155.6","11,106.0","-4,715.7","-4,894.0",,"1,213.0",0.0,"2,120.9",,"3,880.7",0.0,"-1,759.8",,"3,020.4","5,333.0",552.9,,"2,713.2","5,333.0","3,172.6",,"2,713.2","5,334.0","5,793.4",,"2,713.2",0.0,"3,080.2",,"2,713.2",0.0,367.0,,188.7,0.0,178.3,,0.0,0.0,178.3,,0.0,0.0,178.3
18767,"2,156.5",0.0,0.0,"2,156.5",0.0,,0.0,0.0,"2,156.5",,0.0,0.0,"2,156.5",,0.0,0.0,"2,156.5",,0.0,0.0,"2,156.5",,0.0,0.0,"2,156.5",,0.0,0.0,"2,156.5",,0.0,0.0,"2,156.5",,0.0,0.0,"2,156.5",,0.0,0.0,"2,156.5",,0.0,0.0,"2,156.5"
18623,"2,165.6",6.7,0.0,"2,159.0",0.0,,6.7,0.0,"2,159.0",,0.0,0.0,"2,159.0",,0.0,0.0,"2,159.0",,0.0,0.0,"2,159.0",,0.0,0.0,"2,159.0",,0.0,0.0,"2,159.0",,0.0,0.0,"2,159.0",,0.0,0.0,"2,159.0",,0.0,0.0,"2,159.0",,0.0,0.0,"2,159.0"
18415,"2,327.4",2.6,0.0,"2,324.8",0.0,,2.6,0.0,"2,324.8",,0.0,0.0,"2,324.8",,0.0,0.0,"2,324.8",,0.0,0.0,"2,324.8",,0.0,0.0,"2,324.8",,0.0,0.0,"2,324.8",,0.0,0.0,"2,324.8",,0.0,0.0,"2,324.8",,0.0,0.0,"2,324.8",,0.0,0.0,"2,324.8"
14270,"3,744.9","3,299.0",0.0,445.8,0.0,,"1,408.6",0.0,"2,336.3",,"1,890.5",0.0,445.8,,0.0,0.0,445.8,,0.0,0.0,445.8,,0.0,0.0,445.8,,0.0,0.0,445.8,,0.0,0.0,445.8,,0.0,0.0,445.8,,0.0,0.0,445.8,,0.0,0.0,445.8
18696,"2,561.6","18,366.9",0.0,"-15,805.4",0.0,,207.0,0.0,"2,354.5",,759.1,0.0,"1,595.4",,759.1,0.0,836.3,,759.1,0.0,77.2,,759.1,0.0,-681.9,,759.1,0.0,"-1,441.1",,610.6,0.0,"-2,051.7",,374.7,0.0,"-2,426.4",,374.7,0.0,"-2,801.1",,"13,004.3",0.0,"-15,805.4"
19068,"3,577.2","1,209.8",0.0,"2,367.4",0.0,,"1,209.8",0.0,"2,367.4",,0.0,0.0,"2,367.4",,0.0,0.0,"2,367.4",,0.0,0.0,"2,367.4",,0.0,0.0,"2,367.4",,0.0,0.0,"2,367.4",,0.0,0.0,"2,367.4",,0.0,0.0,"2,367.4",,0.0,0.0,"2,367.4",,0.0,0.0,"2,367.4"
18164,"2,442.9",565.7,0.0,"1,877.3",0.0,,0.0,0.0,"2,442.9",,5.7,0.0,"2,437.3",,218.1,0.0,"2,219.1",,218.1,0.0,"2,001.0",,123.7,0.0,"1,877.3",,0.0,0.0,"1,877.3",,0.0,0.0,"1,877.3",,0.0,0.0,"1,877.3",,0.0,0.0,"1,877.3",,0.0,0.0,"1,877.3"
18372,"3,312.9","1,907.6",410.1,"1,815.4",410.1,,799.4,0.0,"2,513.5",,"1,098.0",0.0,"1,415.5",,10.2,0.0,"1,405.3",,0.0,0.0,"1,405.3",,0.0,0.0,"1,405.3",,0.0,0.0,"1,405.3",,0.0,0.0,"1,405.3",,0.0,0.0,"1,405.3",,0.0,0.0,"1,405.3",,0.0,0.0,"1,405.3"
18290,"2,573.6","7,449.1","1,165.0","-3,710.5",-882.8,,438.1,547.8,"2,683.3",,"1,453.2",0.0,"1,230.1",,"1,070.9","1,500.0","1,659.2",,"1,199.6",0.0,459.5,,"1,070.9",0.0,-611.4,,"1,070.9",0.0,"-1,682.3",,"1,070.9",0.0,"-2,753.2",,74.5,0.0,"-2,827.7",,0.0,0.0,"-2,827.7",,0.0,0.0,"-2,827.7"
18233,"2,946.4","1,492.4","2,335.4","3,789.4","2,335.4",,239.9,0.0,"2,706.5",,650.0,0.0,"2,056.5",,185.0,0.0,"1,871.5",,165.3,0.0,"1,706.2",,165.3,0.0,"1,540.9",,86.9,0.0,"1,454.0",,0.0,0.0,"1,454.0",,0.0,0.0,"1,454.0",,0.0,0.0,"1,454.0",,0.0,0.0,"1,454.0"
18341,"2,851.6",47.8,0.0,"2,803.8",0.0,,47.8,0.0,"2,803.8",,0.0,0.0,"2,803.8",,0.0,0.0,"2,803.8",,0.0,0.0,"2,803.8",,0.0,0.0,"2,803.8",,0.0,0.0,"2,803.8",,0.0,0.0,"2,803.8",,0.0,0.0,"2,803.8",,0.0,0.0,"2,803.8",,0.0,0.0,"2,803.8"
18363,"2,930.1",0.0,0.0,"2,930.1",0.0,,0.0,0.0,"2,930.1",,0.0,0.0,"2,930.1",,0.0,0.0,"2,930.1",,0.0,0.0,"2,930.1",,0.0,0.0,"2,930.1",,0.0,0.0,"2,930.1",,0.0,0.0,"2,930.1",,0.0,0.0,"2,930.1",,0.0,0.0,"2,930.1",,0.0,0.0,"2,930.1"
18993,"3,151.2",0.0,"36,704.2","39,855.4","36,704.2",,0.0,0.0,"3,151.2",,0.0,0.0,"3,151.2",,0.0,0.0,"3,151.2",,0.0,0.0,"3,151.2",,0.0,0.0,"3,151.2",,0.0,0.0,"3,151.2",,0.0,0.0,"3,151.2",,0.0,0.0,"3,151.2",,0.0,0.0,"3,151.2",,0.0,0.0,"3,151.2"
18900,"3,190.2",26.3,0.0,"3,163.9",0.0,,26.3,0.0,"3,163.9",,0.0,0.0,"3,163.9",,0.0,0.0,"3,163.9",,0.0,0.0,"3,163.9",,0.0,0.0,"3,163.9",,0.0,0.0,"3,163.9",,0.0,0.0,"3,163.9",,0.0,0.0,"3,163.9",,0.0,0.0,"3,163.9",,0.0,0.0,"3,163.9"
18208,704.7,252.5,"2,500.0","2,952.2",0.0,,0.0,"2,500.0","3,204.7",,152.2,0.0,"3,052.6",,100.3,0.0,"2,952.2",,0.0,0.0,"2,952.2",,0.0,0.0,"2,952.2",,0.0,0.0,"2,952.2",,0.0,0.0,"2,952.2",,0.0,0.0,"2,952.2",,0.0,0.0,"2,952.2",,0.0,0.0,"2,952.2"
18758,"3,207.8","1,132.9",0.0,"2,074.8",0.0,,0.0,0.0,"3,207.8",,0.0,0.0,"3,207.8",,0.0,0.0,"3,207.8",,0.0,0.0,"3,207.8",,0.0,0.0,"3,207.8",,464.0,0.0,"2,743.8",,464.0,0.0,"2,279.7",,204.9,0.0,"2,074.8",,0.0,0.0,"2,074.8",,0.0,0.0,"2,074.8"
19004,"3,632.3","7,503.7",0.0,"-3,871.4",0.0,,387.6,0.0,"3,244.7",,"2,584.1",0.0,660.5,,"2,842.5",0.0,"-2,182.0",,"1,689.4",0.0,"-3,871.4",,0.0,0.0,"-3,871.4",,0.0,0.0,"-3,871.4",,0.0,0.0,"-3,871.4",,0.0,0.0,"-3,871.4",,0.0,0.0,"-3,871.4",,0.0,0.0,"-3,871.4"
18875,"3,283.7",15.5,0.0,"3,268.1",0.0,,15.5,0.0,"3,268.1",,0.0,0.0,"3,268.1",,0.0,0.0,"3,268.1",,0.0,0.0,"3,268.1",,0.0,0.0,"3,268.1",,0.0,0.0,"3,268.1",,0.0,0.0,"3,268.1",,0.0,0.0,"3,268.1",,0.0,0.0,"3,268.1",,0.0,0.0,"3,268.1"
18878,"3,613.6",328.1,0.0,"3,285.4",0.0,,328.1,0.0,"3,285.4",,0.0,0.0,"3,285.4",,0.0,0.0,"3,285.4",,0.0,0.0,"3,285.4",,0.0,0.0,"3,285.4",,0.0,0.0,"3,285.4",,0.0,0.0,"3,285.4",,0.0,0.0,"3,285.4",,0.0,0.0,"3,285.4",,0.0,0.0,"3,285.4"
18454,"3,517.6",6.6,0.0,"3,511.0",0.0,,6.6,0.0,"3,511.0",,0.0,0.0,"3,511.0",,0.0,0.0,"3,511.0",,0.0,0.0,"3,511.0",,0.0,0.0,"3,511.0",,0.0,0.0,"3,511.0",,0.0,0.0,"3,511.0",,0.0,0.0,"3,511.0",,0.0,0.0,"3,511.0",,0.0,0.0,"3,511.0"
18024,"3,551.3",0.0,0.0,"3,551.3",0.0,,0.0,0.0,"3,551.3",,0.0,0.0,"3,551.3",,0.0,0.0,"3,551.3",,0.0,0.0,"3,551.3",,0.0,0.0,"3,551.3",,0.0,0.0,"3,551.3",,0.0,0.0,"3,551.3",,0.0,0.0,"3,551.3",,0.0,0.0,"3,551.3",,0.0,0.0,"3,551.3"
18779,"3,561.3",0.0,0.0,"3,561.3",0.0,,0.0,0.0,"3,561.3",,0.0,0.0,"3,561.3",,0.0,0.0,"3,561.3",,0.0,0.0,"3,561.3",,0.0,0.0,"3,561.3",,0.0,0.0,"3,561.3",,0.0,0.0,"3,561.3",,0.0,0.0,"3,561.3",,0.0,0.0,"3,561.3",,0.0,0.0,"3,561.3"
12526,"4,181.3","2,290.0","30,000.0","31,891.2",0.0,,589.9,0.0,"3,591.4",,"1,524.0","5,000.0","7,067.4",,176.2,"5,000.0","11,891.2",,0.0,"5,000.0","16,891.2",,0.0,"5,000.0","21,891.2",,0.0,"5,000.0","26,891.2",,0.0,"5,000.0","31,891.2",,0.0,0.0,"31,891.2",,0.0,0.0,"31,891.2",,0.0,0.0,"31,891.2"
18992,"3,631.5",3.8,0.0,"3,627.7",0.0,,3.8,0.0,"3,627.7",,0.0,0.0,"3,627.7",,0.0,0.0,"3,627.7",,0.0,0.0,"3,627.7",,0.0,0.0,"3,627.7",,0.0,0.0,"3,627.7",,0.0,0.0,"3,627.7",,0.0,0.0,"3,627.7",,0.0,0.0,"3,627.7",,0.0,0.0,"3,627.7"
18970,"5,505.0","3,963.3",0.0,"1,541.7",0.0,,"1,630.4",0.0,"3,874.6",,"1,710.0",0.0,"2,164.6",,622.9,0.0,"1,541.7",,0.0,0.0,"1,541.7",,0.0,0.0,"1,541.7",,0.0,0.0,"1,541.7",,0.0,0.0,"1,541.7",,0.0,0.0,"1,541.7",,0.0,0.0,"1,541.7",,0.0,0.0,"1,541.7"
18617,"4,116.5",8.9,0.0,"4,107.6",0.0,,0.0,0.0,"4,116.5",,8.9,0.0,"4,107.6",,0.0,0.0,"4,107.6",,0.0,0.0,"4,107.6",,0.0,0.0,"4,107.6",,0.0,0.0,"4,107.6",,0.0,0.0,"4,107.6",,0.0,0.0,"4,107.6",,0.0,0.0,"4,107.6",,0.0,0.0,"4,107.6"
18615,"4,317.5",1.2,0.0,"4,316.3",0.0,,1.2,0.0,"4,316.3",,0.0,0.0,"4,316.3",,0.0,0.0,"4,316.3",,0.0,0.0,"4,316.3",,0.0,0.0,"4,316.3",,0.0,0.0,"4,316.3",,0.0,0.0,"4,316.3",,0.0,0.0,"4,316.3",,0.0,0.0,"4,316.3",,0.0,0.0,"4,316.3"
18667,"4,509.5",182.0,0.0,"4,327.5",0.0,,141.2,0.0,"4,368.4",,40.8,0.0,"4,327.5",,0.0,0.0,"4,327.5",,0.0,0.0,"4,327.5",,0.0,0.0,"4,327.5",,0.0,0.0,"4,327.5",,0.0,0.0,"4,327.5",,0.0,0.0,"4,327.5",,0.0,0.0,"4,327.5",,0.0,0.0,"4,327.5"
10795,"4,997.0","3,814.5","7,500.0","8,682.6",0.0,,624.1,0.0,"4,373.0",,"1,204.6","2,500.0","5,668.3",,"1,985.8","2,500.0","6,182.6",,0.0,"2,500.0","8,682.6",,0.0,0.0,"8,682.6",,0.0,0.0,"8,682.6",,0.0,0.0,"8,682.6",,0.0,0.0,"8,682.6",,0.0,0.0,"8,682.6",,0.0,0.0,"8,682.6"
18306,"4,460.4",94.8,0.0,"4,365.6",0.0,,86.2,0.0,"4,374.2",,8.6,0.0,"4,365.6",,0.0,0.0,"4,365.6",,0.0,0.0,"4,365.6",,0.0,0.0,"4,365.6",,0.0,0.0,"4,365.6",,0.0,0.0,"4,365.6",,0.0,0.0,"4,365.6",,0.0,0.0,"4,365.6",,0.0,0.0,"4,365.6"
18845,"5,350.7","2,854.4",0.0,"2,496.3",0.0,,833.6,0.0,"4,517.0",,"2,020.8",0.0,"2,496.3",,0.0,0.0,"2,496.3",,0.0,0.0,"2,496.3",,0.0,0.0,"2,496.3",,0.0,0.0,"2,496.3",,0.0,0.0,"2,496.3",,0.0,0.0,"2,496.3",,0.0,0.0,"2,496.3",,0.0,0.0,"2,496.3"
19066,"6,235.2","6,537.7","5,494.9","5,192.3","5,494.9",,"1,677.0",0.0,"4,558.1",,"2,980.9",0.0,"1,577.3",,"1,879.8",0.0,-302.6,,0.0,0.0,-302.6,,0.0,0.0,-302.6,,0.0,0.0,-302.6,,0.0,0.0,-302.6,,0.0,0.0,-302.6,,0.0,0.0,-302.6,,0.0,0.0,-302.6
18573,"4,660.6",2.5,0.0,"4,658.1",0.0,,2.5,0.0,"4,658.1",,0.0,0.0,"4,658.1",,0.0,0.0,"4,658.1",,0.0,0.0,"4,658.1",,0.0,0.0,"4,658.1",,0.0,0.0,"4,658.1",,0.0,0.0,"4,658.1",,0.0,0.0,"4,658.1",,0.0,0.0,"4,658.1",,0.0,0.0,"4,658.1"
18469,"4,948.9","1,022.1",0.0,"3,926.9",0.0,,65.3,0.0,"4,883.6",,239.5,0.0,"4,644.1",,239.5,0.0,"4,404.6",,239.5,0.0,"4,165.1",,233.4,0.0,"3,931.7",,4.8,0.0,"3,926.9",,0.0,0.0,"3,926.9",,0.0,0.0,"3,926.9",,0.0,0.0,"3,926.9",,0.0,0.0,"3,926.9"
18598,"4,886.5","2,045.3",0.0,"2,841.3",0.0,,0.0,0.0,"4,886.5",,900.2,0.0,"3,986.4",,803.2,0.0,"3,183.1",,218.1,0.0,"2,965.0",,123.7,0.0,"2,841.3",,0.0,0.0,"2,841.3",,0.0,0.0,"2,841.3",,0.0,0.0,"2,841.3",,0.0,0.0,"2,841.3",,0.0,0.0,"2,841.3"
18865,"6,956.1","85,738.9","1,246.3","-77,536.5","1,246.3",,"1,957.0",0.0,"4,999.1",,"5,357.5",0.0,-358.4,,"4,870.8",0.0,"-5,229.3",,"4,799.4",0.0,"-10,028.7",,"4,799.4",0.0,"-14,828.1",,"4,799.4",0.0,"-19,627.5",,"4,799.4",0.0,"-24,426.9",,"4,799.4",0.0,"-29,226.3",,"4,799.4",0.0,"-34,025.8",,"44,757.1",0.0,"-78,782.8"
19046,0.0,0.0,"40,000.0","40,000.0",0.0,,0.0,"5,000.0","5,000.0",,0.0,0.0,"5,000.0",,0.0,"5,000.0","10,000.0",,0.0,"5,000.0","15,000.0",,0.0,"5,000.0","20,000.0",,0.0,0.0,"20,000.0",,0.0,"5,000.0","25,000.0",,0.0,"5,000.0","30,000.0",,0.0,"5,000.0","35,000.0",,0.0,"5,000.0","40,000.0"
18954,"5,093.6","1,369.7","2,670.0","6,393.9","2,670.0",,70.8,0.0,"5,022.9",,471.7,0.0,"4,551.2",,518.9,0.0,"4,032.3",,308.4,0.0,"3,723.9",,0.0,0.0,"3,723.9",,0.0,0.0,"3,723.9",,0.0,0.0,"3,723.9",,0.0,0.0,"3,723.9",,0.0,0.0,"3,723.9",,0.0,0.0,"3,723.9"
18884,234.3,"20,798.2","29,236.6","8,672.7","14,617.6",,0.0,"4,873.0","5,107.3",,0.0,"4,873.0","9,980.3",,0.0,"4,873.0","14,853.3",,0.0,0.0,"14,853.3",,"5,411.9",0.0,"9,441.4",,"5,411.9",0.0,"4,029.5",,"5,411.9",0.0,"-1,382.5",,"4,562.4",0.0,"-5,944.9",,0.0,0.0,"-5,944.9",,0.0,0.0,"-5,944.9"
19049,"5,521.5",926.4,0.0,"4,595.2",0.0,,284.3,0.0,"5,237.2",,423.7,0.0,"4,813.6",,218.4,0.0,"4,595.2",,0.0,0.0,"4,595.2",,0.0,0.0,"4,595.2",,0.0,0.0,"4,595.2",,0.0,0.0,"4,595.2",,0.0,0.0,"4,595.2",,0.0,0.0,"4,595.2",,0.0,0.0,"4,595.2"
12150,"5,381.9",835.4,0.0,"4,546.5",0.0,,101.2,0.0,"5,280.7",,266.6,0.0,"5,014.1",,293.3,0.0,"4,720.8",,174.3,0.0,"4,546.5",,0.0,0.0,"4,546.5",,0.0,0.0,"4,546.5",,0.0,0.0,"4,546.5",,0.0,0.0,"4,546.5",,0.0,0.0,"4,546.5",,0.0,0.0,"4,546.5"
18869,"5,473.4","1,079.6",0.0,"4,393.8",0.0,,0.0,0.0,"5,473.4",,0.0,0.0,"5,473.4",,0.0,0.0,"5,473.4",,0.0,0.0,"5,473.4",,0.0,0.0,"5,473.4",,442.2,0.0,"5,031.2",,442.2,0.0,"4,589.1",,195.3,0.0,"4,393.8",,0.0,0.0,"4,393.8",,0.0,0.0,"4,393.8"
18673,"6,155.5","1,366.4",0.0,"4,789.1",0.0,,428.1,0.0,"5,727.4",,552.3,0.0,"5,175.1",,386.0,0.0,"4,789.1",,0.0,0.0,"4,789.1",,0.0,0.0,"4,789.1",,0.0,0.0,"4,789.1",,0.0,0.0,"4,789.1",,0.0,0.0,"4,789.1",,0.0,0.0,"4,789.1",,0.0,0.0,"4,789.1"
18998,"5,770.9",0.0,"7,517.4","13,288.3","7,517.4",,0.0,0.0,"5,770.9",,0.0,0.0,"5,770.9",,0.0,0.0,"5,770.9",,0.0,0.0,"5,770.9",,0.0,0.0,"5,770.9",,0.0,0.0,"5,770.9",,0.0,0.0,"5,770.9",,0.0,0.0,"5,770.9",,0.0,0.0,"5,770.9",,0.0,0.0,"5,770.9"
18894,"6,501.5","3,531.7",10.0,"2,979.9",10.0,,346.4,0.0,"6,155.1",,"2,092.9",0.0,"4,062.3",,828.0,0.0,"3,234.2",,129.6,0.0,"3,104.6",,129.6,0.0,"2,975.1",,5.2,0.0,"2,969.9",,0.0,0.0,"2,969.9",,0.0,0.0,"2,969.9",,0.0,0.0,"2,969.9",,0.0,0.0,"2,969.9"
18414,"8,501.1","2,060.0","28,848.0","35,289.1",-576.0,,"1,706.8",-576.0,"6,218.3",,353.2,"5,000.0","10,865.1",,0.0,"5,000.0","15,865.1",,0.0,"5,000.0","20,865.1",,0.0,"5,000.0","25,865.1",,0.0,"5,000.0","30,865.1",,0.0,"5,000.0","35,865.1",,0.0,0.0,"35,865.1",,0.0,0.0,"35,865.1",,0.0,0.0,"35,865.1"
18988,"6,339.0",0.0,"2,507.0","8,846.0","1,255.0",,0.0,0.0,"6,339.0",,0.0,0.0,"6,339.0",,0.0,0.0,"6,339.0",,0.0,"1,252.0","7,591.0",,0.0,0.0,"7,591.0",,0.0,0.0,"7,591.0",,0.0,0.0,"7,591.0",,0.0,0.0,"7,591.0",,0.0,0.0,"7,591.0",,0.0,0.0,"7,591.0"
19006,"6,507.4",556.0,0.0,"5,951.4",0.0,,0.0,0.0,"6,507.4",,0.0,0.0,"6,507.4",,556.0,0.0,"5,951.4",,0.0,0.0,"5,951.4",,0.0,0.0,"5,951.4",,0.0,0.0,"5,951.4",,0.0,0.0,"5,951.4",,0.0,0.0,"5,951.4",,0.0,0.0,"5,951.4",,0.0,0.0,"5,951.4"
18376,"8,087.7","5,915.6",0.0,"2,172.0",0.0,,"1,470.4",0.0,"6,617.3",,"2,355.1",0.0,"4,262.1",,"1,076.3",0.0,"3,185.8",,563.4,0.0,"2,622.4",,444.2,0.0,"2,178.2",,6.2,0.0,"2,172.0",,0.0,0.0,"2,172.0",,0.0,0.0,"2,172.0",,0.0,0.0,"2,172.0",,0.0,0.0,"2,172.0"
18575,"8,022.1","1,483.0",0.0,"6,539.0",0.0,,"1,299.3",0.0,"6,722.8",,183.7,0.0,"6,539.0",,0.0,0.0,"6,539.0",,0.0,0.0,"6,539.0",,0.0,0.0,"6,539.0",,0.0,0.0,"6,539.0",,0.0,0.0,"6,539.0",,0.0,0.0,"6,539.0",,0.0,0.0,"6,539.0",,0.0,0.0,"6,539.0"
18707,"7,022.9","11,502.2","6,343.0","1,863.6",-157.0,,0.0,0.0,"7,022.9",,0.0,"2,000.0","9,022.9",,0.0,0.0,"9,022.9",,0.0,"2,500.0","11,522.9",,0.0,0.0,"11,522.9",,"2,384.5","2,000.0","11,138.4",,"2,384.5",0.0,"8,753.9",,"1,874.4",0.0,"6,879.4",,"1,471.0",0.0,"5,408.4",,"3,387.8",0.0,"2,020.6"
18712,"7,185.4","1,588.1",0.0,"5,597.3",0.0,,82.0,0.0,"7,103.3",,546.9,0.0,"6,556.4",,601.6,0.0,"5,954.8",,357.5,0.0,"5,597.3",,0.0,0.0,"5,597.3",,0.0,0.0,"5,597.3",,0.0,0.0,"5,597.3",,0.0,0.0,"5,597.3",,0.0,0.0,"5,597.3",,0.0,0.0,"5,597.3"
18737,"7,564.4","1,770.5","9,514.8","15,308.6","9,514.8",,348.1,0.0,"7,216.2",,457.1,0.0,"6,759.1",,289.4,0.0,"6,469.7",,267.6,0.0,"6,202.1",,267.6,0.0,"5,934.5",,140.6,0.0,"5,793.8",,0.0,0.0,"5,793.8",,0.0,0.0,"5,793.8",,0.0,0.0,"5,793.8",,0.0,0.0,"5,793.8"
18770,"8,168.7","3,558.5",0.0,"4,610.2",0.0,,693.7,0.0,"7,475.0",,"2,543.7",0.0,"4,931.3",,321.1,0.0,"4,610.2",,0.0,0.0,"4,610.2",,0.0,0.0,"4,610.2",,0.0,0.0,"4,610.2",,0.0,0.0,"4,610.2",,0.0,0.0,"4,610.2",,0.0,0.0,"4,610.2",,0.0,0.0,"4,610.2"
14242,"8,123.5","4,405.5",0.0,"3,718.0",0.0,,233.4,0.0,"7,890.1",,"3,654.2",0.0,"4,235.9",,518.0,0.0,"3,718.0",,0.0,0.0,"3,718.0",,0.0,0.0,"3,718.0",,0.0,0.0,"3,718.0",,0.0,0.0,"3,718.0",,0.0,0.0,"3,718.0",,0.0,0.0,"3,718.0",,0.0,0.0,"3,718.0"
18669,"10,527.7",411.4,0.0,"10,116.3",0.0,,366.7,0.0,"10,161.0",,44.7,0.0,"10,116.3",,0.0,0.0,"10,116.3",,0.0,0.0,"10,116.3",,0.0,0.0,"10,116.3",,0.0,0.0,"10,116.3",,0.0,0.0,"10,116.3",,0.0,0.0,"10,116.3",,0.0,0.0,"10,116.3",,0.0,0.0,"10,116.3"
18569,"11,743.5","6,461.1",0.0,"5,282.5",0.0,,"1,483.0",0.0,"10,260.5",,"1,542.9",0.0,"8,717.6",,"1,029.9",0.0,"7,687.8",,952.4,0.0,"6,735.4",,952.4,0.0,"5,782.9",,500.5,0.0,"5,282.5",,0.0,0.0,"5,282.5",,0.0,0.0,"5,282.5",,0.0,0.0,"5,282.5",,0.0,0.0,"5,282.5"
18987,"12,019.9","2,198.9","40,000.0","49,821.0",0.0,,"1,519.5",0.0,"10,500.5",,679.4,"5,000.0","14,821.0",,0.0,"5,000.0","19,821.0",,0.0,"5,000.0","24,821.0",,0.0,"5,000.0","29,821.0",,0.0,"5,000.0","34,821.0",,0.0,"5,000.0","39,821.0",,0.0,"5,000.0","44,821.0",,0.0,"5,000.0","49,821.0",,0.0,0.0,"49,821.0"
18594,"12,992.2","5,962.4","72,108.0","79,137.8",712.0,,"3,258.6",896.0,"10,629.6",,"2,214.4",0.0,"8,415.1",,489.4,"5,000.0","12,925.8",,0.0,0.0,"12,925.8",,0.0,"5,000.0","17,925.8",,0.0,0.0,"17,925.8",,0.0,"5,000.0","22,925.8",,0.0,0.0,"22,925.8",,0.0,"5,000.0","27,925.8",,0.0,"50,500.0","78,425.8"
19059,"8,926.4",0.0,"9,175.0","18,101.4","4,743.0",,0.0,"2,000.0","10,926.4",,0.0,"2,432.0","13,358.4",,0.0,0.0,"13,358.4",,0.0,0.0,"13,358.4",,0.0,0.0,"13,358.4",,0.0,0.0,"13,358.4",,0.0,0.0,"13,358.4",,0.0,0.0,"13,358.4",,0.0,0.0,"13,358.4",,0.0,0.0,"13,358.4"
14148,"11,597.1",508.3,0.0,"11,088.8",0.0,,351.7,0.0,"11,245.3",,156.6,0.0,"11,088.8",,0.0,0.0,"11,088.8",,0.0,0.0,"11,088.8",,0.0,0.0,"11,088.8",,0.0,0.0,"11,088.8",,0.0,0.0,"11,088.8",,0.0,0.0,"11,088.8",,0.0,0.0,"11,088.8",,0.0,0.0,"11,088.8"
18927,"12,411.3","2,204.2","41,006.4","51,213.5","41,006.4",,995.1,0.0,"11,416.2",,"1,087.7",0.0,"10,328.6",,121.4,0.0,"10,207.1",,0.0,0.0,"10,207.1",,0.0,0.0,"10,207.1",,0.0,0.0,"10,207.1",,0.0,0.0,"10,207.1",,0.0,0.0,"10,207.1",,0.0,0.0,"10,207.1",,0.0,0.0,"10,207.1"
18646,"8,582.0","10,721.9","15,000.0","12,860.1","10,000.0",,"2,001.4","5,000.0","11,580.6",,"3,926.5",0.0,"7,654.1",,"3,189.9",0.0,"4,464.2",,966.1,0.0,"3,498.1",,541.0,0.0,"2,957.1",,97.0,0.0,"2,860.1",,0.0,0.0,"2,860.1",,0.0,0.0,"2,860.1",,0.0,0.0,"2,860.1",,0.0,0.0,"2,860.1"
18763,"12,471.8","18,585.8","37,575.0","31,461.1","12,575.0",,"4,000.3","5,000.0","13,471.5",,"6,744.4","5,000.0","11,727.1",,"4,664.0","5,000.0","12,063.1",,"2,598.3","5,000.0","14,464.8",,578.8,"5,000.0","18,886.1",,0.0,0.0,"18,886.1",,0.0,0.0,"18,886.1",,0.0,0.0,"18,886.1",,0.0,0.0,"18,886.1",,0.0,0.0,"18,886.1"
18872,"14,412.4",93.0,0.0,"14,319.5",0.0,,93.0,0.0,"14,319.5",,0.0,0.0,"14,319.5",,0.0,0.0,"14,319.5",,0.0,0.0,"14,319.5",,0.0,0.0,"14,319.5",,0.0,0.0,"14,319.5",,0.0,0.0,"14,319.5",,0.0,0.0,"14,319.5",,0.0,0.0,"14,319.5",,0.0,0.0,"14,319.5"
19045,"17,389.4","17,520.7","2,000.0","1,868.7","2,000.0",,"1,412.3",0.0,"15,977.2",,"3,780.6",0.0,"12,196.5",,"5,178.3",0.0,"7,018.2",,"5,081.6",0.0,"1,936.6",,"2,067.9",0.0,-131.3,,0.0,0.0,-131.3,,0.0,0.0,-131.3,,0.0,0.0,-131.3,,0.0,0.0,-131.3,,0.0,0.0,-131.3
18432,"16,212.6",0.0,"8,121.0","24,333.6","4,061.0",,0.0,0.0,"16,212.6",,0.0,"2,030.0","18,242.6",,0.0,0.0,"18,242.6",,0.0,"2,030.0","20,272.6",,0.0,0.0,"20,272.6",,0.0,0.0,"20,272.6",,0.0,0.0,"20,272.6",,0.0,0.0,"20,272.6",,0.0,0.0,"20,272.6",,0.0,0.0,"20,272.6"
18694,"16,743.0",507.5,0.0,"16,235.4",0.0,,507.5,0.0,"16,235.4",,0.0,0.0,"16,235.4",,0.0,0.0,"16,235.4",,0.0,0.0,"16,235.4",,0.0,0.0,"16,235.4",,0.0,0.0,"16,235.4",,0.0,0.0,"16,235.4",,0.0,0.0,"16,235.4",,0.0,0.0,"16,235.4",,0.0,0.0,"16,235.4"
19057,"11,507.1","13,165.7","13,436.7","11,778.1",936.7,,660.5,"6,250.0","17,096.6",,"2,421.7","6,250.0","20,924.9",,"2,083.6",0.0,"18,841.4",,0.0,0.0,"18,841.4",,0.0,0.0,"18,841.4",,"7,370.3",0.0,"11,471.1",,629.7,0.0,"10,841.4",,0.0,0.0,"10,841.4",,0.0,0.0,"10,841.4",,0.0,0.0,"10,841.4"
18903,"14,050.4","27,275.8","19,915.6","6,690.2","-5,084.4",,0.0,"5,000.0","19,050.4",,0.0,"5,000.0","24,050.4",,0.0,0.0,"24,050.4",,0.0,"5,000.0","29,050.4",,0.0,"5,000.0","34,050.4",,"5,215.6","5,000.0","33,834.8",,"5,215.6",0.0,"28,619.2",,"5,215.6",0.0,"23,403.6",,"5,215.6",0.0,"18,188.0",,"6,413.4",0.0,"11,774.6"
18612,"19,283.7",41.9,0.0,"19,241.8",0.0,,41.9,0.0,"19,241.8",,0.0,0.0,"19,241.8",,0.0,0.0,"19,241.8",,0.0,0.0,"19,241.8",,0.0,0.0,"19,241.8",,0.0,0.0,"19,241.8",,0.0,0.0,"19,241.8",,0.0,0.0,"19,241.8",,0.0,0.0,"19,241.8",,0.0,0.0,"19,241.8"
18659,"20,946.5",77.2,"8,174.0","29,043.3","8,174.0",,77.2,0.0,"20,869.3",,0.0,0.0,"20,869.3",,0.0,0.0,"20,869.3",,0.0,0.0,"20,869.3",,0.0,0.0,"20,869.3",,0.0,0.0,"20,869.3",,0.0,0.0,"20,869.3",,0.0,0.0,"20,869.3",,0.0,0.0,"20,869.3",,0.0,0.0,"20,869.3"
18438,"41,911.4","4,850.7",0.0,"37,060.7",0.0,,949.7,0.0,"40,961.6",,"1,251.2",0.0,"39,710.4",,794.4,0.0,"38,916.0",,734.7,0.0,"38,181.4",,734.7,0.0,"37,446.7",,386.0,0.0,"37,060.7",,0.0,0.0,"37,060.7",,0.0,0.0,"37,060.7",,0.0,0.0,"37,060.7",,0.0,0.0,"37,060.7"
18334,"42,182.8","1,768.3",0.0,"40,414.5",0.0,,557.0,0.0,"41,625.8",,"1,211.2",0.0,"40,414.5",,0.0,0.0,"40,414.5",,0.0,0.0,"40,414.5",,0.0,0.0,"40,414.5",,0.0,0.0,"40,414.5",,0.0,0.0,"40,414.5",,0.0,0.0,"40,414.5",,0.0,0.0,"40,414.5",,0.0,0.0,"40,414.5"
18426,"46,928.0","1,245.9",0.0,"45,682.0",0.0,,457.6,0.0,"46,470.4",,788.4,0.0,"45,682.0",,0.0,0.0,"45,682.0",,0.0,0.0,"45,682.0",,0.0,0.0,"45,682.0",,0.0,0.0,"45,682.0",,0.0,0.0,"45,682.0",,0.0,0.0,"45,682.0",,0.0,0.0,"45,682.0",,0.0,0.0,"45,682.0"
11999,"50,162.2",5.7,0.0,"50,156.5",0.0,,5.7,0.0,"50,156.5",,0.0,0.0,"50,156.5",,0.0,0.0,"50,156.5",,0.0,0.0,"50,156.5",,0.0,0.0,"50,156.5",,0.0,0.0,"50,156.5",,0.0,0.0,"50,156.5",,0.0,0.0,"50,156.5",,0.0,0.0,"50,156.5",,0.0,0.0,"50,156.5"
